position_slug,position_name,description,detailed_instructions,category,difficulty_level,intimacy_level,required_flexibility,tags,benefits,tips,image_url,image_url_illustrated,thumbnail_url,video_tutorial_url,animation_url,image_file,image_illustrated_file,thumbnail_file,video_tutorial_file,animation_file,sort_order,is_premium,requires_dlc,is_active
0-preview,0 Preview,Illustrated 0 Preview position with comfort-first guidance.,"Confirm mutual consent and boundaries before starting.
Choose a stable, comfortable surface and add support cushions if needed.
Align your bodies slowly and adjust angles for comfort and stability.
Pause to check in and stop immediately if there is pain or discomfort.",positions,intermediate,medium,some,positions|preview,Encourages communication and teamwork between partners.|Can be adapted with props for comfort and accessibility.,Move slowly at first and adjust posture to avoid joint strain.|Use steady breathing to stay relaxed and coordinated.|Hydrate and take breaks as needed.,,,,,,0-preview.png,,,,,,false,true,true
1-shuttle,1 Shuttle,Illustrated 1 Shuttle position with comfort-first guidance.,"Confirm mutual consent and boundaries before starting.
Choose a stable, comfortable surface and add support cushions if needed.
Align your bodies slowly and adjust angles for comfort and stability.
Pause to check in and stop immediately if there is pain or discomfort.",positions,intermediate,medium,some,positions|shuttle,Encourages communication and teamwork between partners.|Can be adapted with props for comfort and accessibility.,Move slowly at first and adjust posture to avoid joint strain.|Use steady breathing to stay relaxed and coordinated.|Hydrate and take breaks as needed.,,,,,,1-shuttle.png,,,,,,false,true,true
10-circle,10 Circle,Illustrated 10 Circle position with comfort-first guidance.,"Confirm mutual consent and boundaries before starting.
Choose a stable, comfortable surface and add support cushions if needed.
Align your bodies slowly and adjust angles for comfort and stability.
Pause to check in and stop immediately if there is pain or discomfort.",positions,intermediate,medium,some,positions|10|circle,Encourages communication and teamwork between partners.|Can be adapted with props for comfort and accessibility.,Move slowly at first and adjust posture to avoid joint strain.|Use steady breathing to stay relaxed and coordinated.|Hydrate and take breaks as needed.,,,,,,10-circle.png,,,,,,false,true,true
100-accordion,100 Accordion,Illustrated 100 Accordion position with comfort-first guidance.,"Confirm mutual consent and boundaries before starting.
Choose a stable, comfortable surface and add support cushions if needed.
Align your bodies slowly and adjust angles for comfort and stability.
Pause to check in and stop immediately if there is pain or discomfort.",positions,intermediate,medium,some,positions|100|accordion,Encourages communication and teamwork between partners.|Can be adapted with props for comfort and accessibility.,Move slowly at first and adjust posture to avoid joint strain.|Use steady breathing to stay relaxed and coordinated.|Hydrate and take breaks as needed.,,,,,,100-accordion.png,,,,,,false,true,true
101-watering-can,101 Watering Can,Illustrated 101 Watering Can position with comfort-first guidance.,"Confirm mutual consent and boundaries before starting.
Choose a stable, comfortable surface and add support cushions if needed.
Align your bodies slowly and adjust angles for comfort and stability.
Pause to check in and stop immediately if there is pain or discomfort.",positions,intermediate,medium,some,positions|101|watering|can,Encourages communication and teamwork between partners.|Can be adapted with props for comfort and accessibility.,Move slowly at first and adjust posture to avoid joint strain.|Use steady breathing to stay relaxed and coordinated.|Hydrate and take breaks as needed.,,,,,,101-watering-can.png,,,,,,false,true,true
102-libido,102 Libido,Illustrated 102 Libido position with comfort-first guidance.,"Confirm mutual consent and boundaries before starting.
Choose a stable, comfortable surface and add support cushions if needed.
Align your bodies slowly and adjust angles for comfort and stability.
Pause to check in and stop immediately if there is pain or discomfort.",positions,intermediate,medium,some,positions|102|libido,Encourages communication and teamwork between partners.|Can be adapted with props for comfort and accessibility.,Move slowly at first and adjust posture to avoid joint strain.|Use steady breathing to stay relaxed and coordinated.|Hydrate and take breaks as needed.,,,,,,102-libido.png,,,,,,false,true,true
103-flash,103 Flash,Illustrated 103 Flash position with comfort-first guidance.,"Confirm mutual consent and boundaries before starting.
Choose a stable, comfortable surface and add support cushions if needed.
Align your bodies slowly and adjust angles for comfort and stability.
Pause to check in and stop immediately if there is pain or discomfort.",positions,intermediate,medium,some,positions|103|flash,Encourages communication and teamwork between partners.|Can be adapted with props for comfort and accessibility.,Move slowly at first and adjust posture to avoid joint strain.|Use steady breathing to stay relaxed and coordinated.|Hydrate and take breaks as needed.,,,,,,103-flash.png,,,,,,false,true,true
104-praying-mantis,104 Praying Mantis,Illustrated 104 Praying Mantis position with comfort-first guidance.,"Confirm mutual consent and boundaries before starting.
Choose a stable, comfortable surface and add support cushions if needed.
Align your bodies slowly and adjust angles for comfort and stability.
Pause to check in and stop immediately if there is pain or discomfort.",positions,intermediate,medium,some,positions|104|praying|mantis,Encourages communication and teamwork between partners.|Can be adapted with props for comfort and accessibility.,Move slowly at first and adjust posture to avoid joint strain.|Use steady breathing to stay relaxed and coordinated.|Hydrate and take breaks as needed.,,,,,,104-praying-mantis.png,,,,,,false,true,true
105-basket,105 Basket,Illustrated 105 Basket position with comfort-first guidance.,"Confirm mutual consent and boundaries before starting.
Choose a stable, comfortable surface and add support cushions if needed.
Align your bodies slowly and adjust angles for comfort and stability.
Pause to check in and stop immediately if there is pain or discomfort.",positions,intermediate,medium,some,positions|105|basket,Encourages communication and teamwork between partners.|Can be adapted with props for comfort and accessibility.,Move slowly at first and adjust posture to avoid joint strain.|Use steady breathing to stay relaxed and coordinated.|Hydrate and take breaks as needed.,,,,,,105-basket.png,,,,,,false,true,true
106-dolphin,106 Dolphin,Illustrated 106 Dolphin position with comfort-first guidance.,"Confirm mutual consent and boundaries before starting.
Choose a stable, comfortable surface and add support cushions if needed.
Align your bodies slowly and adjust angles for comfort and stability.
Pause to check in and stop immediately if there is pain or discomfort.",positions,intermediate,medium,some,positions|106|dolphin,Encourages communication and teamwork between partners.|Can be adapted with props for comfort and accessibility.,Move slowly at first and adjust posture to avoid joint strain.|Use steady breathing to stay relaxed and coordinated.|Hydrate and take breaks as needed.,,,,,,106-dolphin.png,,,,,,false,true,true
107-scorpion,107 Scorpion,Illustrated 107 Scorpion position with comfort-first guidance.,"Confirm mutual consent and boundaries before starting.
Choose a stable, comfortable surface and add support cushions if needed.
Align your bodies slowly and adjust angles for comfort and stability.
Pause to check in and stop immediately if there is pain or discomfort.",positions,intermediate,medium,some,positions|107|scorpion,Encourages communication and teamwork between partners.|Can be adapted with props for comfort and accessibility.,Move slowly at first and adjust posture to avoid joint strain.|Use steady breathing to stay relaxed and coordinated.|Hydrate and take breaks as needed.,,,,,,107-scorpion.png,,,,,,false,true,true
108-caliper,108 Caliper,Illustrated 108 Caliper position with comfort-first guidance.,"Confirm mutual consent and boundaries before starting.
Choose a stable, comfortable surface and add support cushions if needed.
Align your bodies slowly and adjust angles for comfort and stability.
Pause to check in and stop immediately if there is pain or discomfort.",positions,intermediate,medium,some,positions|108|caliper,Encourages communication and teamwork between partners.|Can be adapted with props for comfort and accessibility.,Move slowly at first and adjust posture to avoid joint strain.|Use steady breathing to stay relaxed and coordinated.|Hydrate and take breaks as needed.,,,,,,108-caliper.png,,,,,,false,true,true
109-golden-gate,109 Golden Gate,Illustrated 109 Golden Gate position with comfort-first guidance.,"Confirm mutual consent and boundaries before starting.
Choose a stable, comfortable surface and add support cushions if needed.
Align your bodies slowly and adjust angles for comfort and stability.
Pause to check in and stop immediately if there is pain or discomfort.",positions,intermediate,medium,some,positions|109|golden|gate,Encourages communication and teamwork between partners.|Can be adapted with props for comfort and accessibility.,Move slowly at first and adjust posture to avoid joint strain.|Use steady breathing to stay relaxed and coordinated.|Hydrate and take breaks as needed.,,,,,,109-golden-gate.png,,,,,,false,true,true
11-inquisitor,11 Inquisitor,Illustrated 11 Inquisitor position with comfort-first guidance.,"Confirm mutual consent and boundaries before starting.
Choose a stable, comfortable surface and add support cushions if needed.
Align your bodies slowly and adjust angles for comfort and stability.
Pause to check in and stop immediately if there is pain or discomfort.",positions,intermediate,medium,some,positions|11|inquisitor,Encourages communication and teamwork between partners.|Can be adapted with props for comfort and accessibility.,Move slowly at first and adjust posture to avoid joint strain.|Use steady breathing to stay relaxed and coordinated.|Hydrate and take breaks as needed.,,,,,,11-inquisitor.png,,,,,,false,true,true
110-tiramisu,110 Tiramisu,Illustrated 110 Tiramisu position with comfort-first guidance.,"Confirm mutual consent and boundaries before starting.
Choose a stable, comfortable surface and add support cushions if needed.
Align your bodies slowly and adjust angles for comfort and stability.
Pause to check in and stop immediately if there is pain or discomfort.",positions,intermediate,medium,some,positions|110|tiramisu,Encourages communication and teamwork between partners.|Can be adapted with props for comfort and accessibility.,Move slowly at first and adjust posture to avoid joint strain.|Use steady breathing to stay relaxed and coordinated.|Hydrate and take breaks as needed.,,,,,,110-tiramisu.png,,,,,,false,true,true
111-horizon,111 Horizon,Illustrated 111 Horizon position with comfort-first guidance.,"Confirm mutual consent and boundaries before starting.
Choose a stable, comfortable surface and add support cushions if needed.
Align your bodies slowly and adjust angles for comfort and stability.
Pause to check in and stop immediately if there is pain or discomfort.",positions,intermediate,medium,some,positions|111|horizon,Encourages communication and teamwork between partners.|Can be adapted with props for comfort and accessibility.,Move slowly at first and adjust posture to avoid joint strain.|Use steady breathing to stay relaxed and coordinated.|Hydrate and take breaks as needed.,,,,,,111-horizon.png,,,,,,false,true,true
112-joystick,112 Joystick,Illustrated 112 Joystick position with comfort-first guidance.,"Confirm mutual consent and boundaries before starting.
Choose a stable, comfortable surface and add support cushions if needed.
Align your bodies slowly and adjust angles for comfort and stability.
Pause to check in and stop immediately if there is pain or discomfort.",positions,intermediate,medium,some,positions|112|joystick,Encourages communication and teamwork between partners.|Can be adapted with props for comfort and accessibility.,Move slowly at first and adjust posture to avoid joint strain.|Use steady breathing to stay relaxed and coordinated.|Hydrate and take breaks as needed.,,,,,,112-joystick.png,,,,,,false,true,true
113-cowgirl,113 Cowgirl,Illustrated 113 Cowgirl position with comfort-first guidance.,"Confirm mutual consent and boundaries before starting.
Choose a stable, comfortable surface and add support cushions if needed.
Align your bodies slowly and adjust angles for comfort and stability.
Pause to check in and stop immediately if there is pain or discomfort.",positions,intermediate,medium,some,positions|113|cowgirl,Encourages communication and teamwork between partners.|Can be adapted with props for comfort and accessibility.,Move slowly at first and adjust posture to avoid joint strain.|Use steady breathing to stay relaxed and coordinated.|Hydrate and take breaks as needed.,,,,,,113-cowgirl.png,,,,,,false,true,true
114-chair,114 Chair,Illustrated 114 Chair position with comfort-first guidance.,"Confirm mutual consent and boundaries before starting.
Choose a stable, comfortable surface and add support cushions if needed.
Align your bodies slowly and adjust angles for comfort and stability.
Pause to check in and stop immediately if there is pain or discomfort.",positions,intermediate,medium,some,positions|114|chair,Encourages communication and teamwork between partners.|Can be adapted with props for comfort and accessibility.,Move slowly at first and adjust posture to avoid joint strain.|Use steady breathing to stay relaxed and coordinated.|Hydrate and take breaks as needed.,,,,,,114-chair.png,,,,,,false,true,true
115-anvil,115 Anvil,Illustrated 115 Anvil position with comfort-first guidance.,"Confirm mutual consent and boundaries before starting.
Choose a stable, comfortable surface and add support cushions if needed.
Align your bodies slowly and adjust angles for comfort and stability.
Pause to check in and stop immediately if there is pain or discomfort.",positions,intermediate,medium,some,positions|115|anvil,Encourages communication and teamwork between partners.|Can be adapted with props for comfort and accessibility.,Move slowly at first and adjust posture to avoid joint strain.|Use steady breathing to stay relaxed and coordinated.|Hydrate and take breaks as needed.,,,,,,115-anvil.png,,,,,,false,true,true
116-reverse-cowboy,116 Reverse Cowboy,Illustrated 116 Reverse Cowboy position with comfort-first guidance.,"Confirm mutual consent and boundaries before starting.
Choose a stable, comfortable surface and add support cushions if needed.
Align your bodies slowly and adjust angles for comfort and stability.
Pause to check in and stop immediately if there is pain or discomfort.",positions,intermediate,medium,some,positions|116|reverse|cowboy,Encourages communication and teamwork between partners.|Can be adapted with props for comfort and accessibility.,Move slowly at first and adjust posture to avoid joint strain.|Use steady breathing to stay relaxed and coordinated.|Hydrate and take breaks as needed.,,,,,,116-reverse-cowboy.png,,,,,,false,true,true
117-pretzel-dip,117 Pretzel Dip,Illustrated 117 Pretzel Dip position with comfort-first guidance.,"Confirm mutual consent and boundaries before starting.
Choose a stable, comfortable surface and add support cushions if needed.
Align your bodies slowly and adjust angles for comfort and stability.
Pause to check in and stop immediately if there is pain or discomfort.",positions,intermediate,medium,some,positions|117|pretzel|dip,Encourages communication and teamwork between partners.|Can be adapted with props for comfort and accessibility.,Move slowly at first and adjust posture to avoid joint strain.|Use steady breathing to stay relaxed and coordinated.|Hydrate and take breaks as needed.,,,,,,117-pretzel-dip.png,,,,,,false,true,true
118-superman,118 Superman,Illustrated 118 Superman position with comfort-first guidance.,"Confirm mutual consent and boundaries before starting.
Choose a stable, comfortable surface and add support cushions if needed.
Align your bodies slowly and adjust angles for comfort and stability.
Pause to check in and stop immediately if there is pain or discomfort.",positions,intermediate,medium,some,positions|118|superman,Encourages communication and teamwork between partners.|Can be adapted with props for comfort and accessibility.,Move slowly at first and adjust posture to avoid joint strain.|Use steady breathing to stay relaxed and coordinated.|Hydrate and take breaks as needed.,,,,,,118-superman.png,,,,,,false,true,true
119-barberry,119 Barberry,Illustrated 119 Barberry position with comfort-first guidance.,"Confirm mutual consent and boundaries before starting.
Choose a stable, comfortable surface and add support cushions if needed.
Align your bodies slowly and adjust angles for comfort and stability.
Pause to check in and stop immediately if there is pain or discomfort.",positions,intermediate,medium,some,positions|119|barberry,Encourages communication and teamwork between partners.|Can be adapted with props for comfort and accessibility.,Move slowly at first and adjust posture to avoid joint strain.|Use steady breathing to stay relaxed and coordinated.|Hydrate and take breaks as needed.,,,,,,119-barberry.png,,,,,,false,true,true
12-whisper,12 Whisper,Illustrated 12 Whisper position with comfort-first guidance.,"Confirm mutual consent and boundaries before starting.
Choose a stable, comfortable surface and add support cushions if needed.
Align your bodies slowly and adjust angles for comfort and stability.
Pause to check in and stop immediately if there is pain or discomfort.",positions,intermediate,medium,some,positions|12|whisper,Encourages communication and teamwork between partners.|Can be adapted with props for comfort and accessibility.,Move slowly at first and adjust posture to avoid joint strain.|Use steady breathing to stay relaxed and coordinated.|Hydrate and take breaks as needed.,,,,,,12-whisper.png,,,,,,false,true,true
120-aquarius,120 Aquarius,Illustrated 120 Aquarius position with comfort-first guidance.,"Confirm mutual consent and boundaries before starting.
Choose a stable, comfortable surface and add support cushions if needed.
Align your bodies slowly and adjust angles for comfort and stability.
Pause to check in and stop immediately if there is pain or discomfort.",positions,intermediate,medium,some,positions|120|aquarius,Encourages communication and teamwork between partners.|Can be adapted with props for comfort and accessibility.,Move slowly at first and adjust posture to avoid joint strain.|Use steady breathing to stay relaxed and coordinated.|Hydrate and take breaks as needed.,,,,,,120-aquarius.png,,,,,,false,true,true
121-pointer,121 Pointer,Illustrated 121 Pointer position with comfort-first guidance.,"Confirm mutual consent and boundaries before starting.
Choose a stable, comfortable surface and add support cushions if needed.
Align your bodies slowly and adjust angles for comfort and stability.
Pause to check in and stop immediately if there is pain or discomfort.",positions,intermediate,medium,some,positions|121|pointer,Encourages communication and teamwork between partners.|Can be adapted with props for comfort and accessibility.,Move slowly at first and adjust posture to avoid joint strain.|Use steady breathing to stay relaxed and coordinated.|Hydrate and take breaks as needed.,,,,,,121-pointer.png,,,,,,false,true,true
122-eraser,122 Eraser,Illustrated 122 Eraser position with comfort-first guidance.,"Confirm mutual consent and boundaries before starting.
Choose a stable, comfortable surface and add support cushions if needed.
Align your bodies slowly and adjust angles for comfort and stability.
Pause to check in and stop immediately if there is pain or discomfort.",positions,intermediate,medium,some,positions|122|eraser,Encourages communication and teamwork between partners.|Can be adapted with props for comfort and accessibility.,Move slowly at first and adjust posture to avoid joint strain.|Use steady breathing to stay relaxed and coordinated.|Hydrate and take breaks as needed.,,,,,,122-eraser.png,,,,,,false,true,true
123-mirage,123 Mirage,Illustrated 123 Mirage position with comfort-first guidance.,"Confirm mutual consent and boundaries before starting.
Choose a stable, comfortable surface and add support cushions if needed.
Align your bodies slowly and adjust angles for comfort and stability.
Pause to check in and stop immediately if there is pain or discomfort.",positions,intermediate,medium,some,positions|123|mirage,Encourages communication and teamwork between partners.|Can be adapted with props for comfort and accessibility.,Move slowly at first and adjust posture to avoid joint strain.|Use steady breathing to stay relaxed and coordinated.|Hydrate and take breaks as needed.,,,,,,123-mirage.png,,,,,,false,true,true
124-clip,124 Clip,Illustrated 124 Clip position with comfort-first guidance.,"Confirm mutual consent and boundaries before starting.
Choose a stable, comfortable surface and add support cushions if needed.
Align your bodies slowly and adjust angles for comfort and stability.
Pause to check in and stop immediately if there is pain or discomfort.",positions,intermediate,medium,some,positions|124|clip,Encourages communication and teamwork between partners.|Can be adapted with props for comfort and accessibility.,Move slowly at first and adjust posture to avoid joint strain.|Use steady breathing to stay relaxed and coordinated.|Hydrate and take breaks as needed.,,,,,,124-clip.png,,,,,,false,true,true
125-alley,125 Alley,Illustrated 125 Alley position with comfort-first guidance.,"Confirm mutual consent and boundaries before starting.
Choose a stable, comfortable surface and add support cushions if needed.
Align your bodies slowly and adjust angles for comfort and stability.
Pause to check in and stop immediately if there is pain or discomfort.",positions,intermediate,medium,some,positions|125|alley,Encourages communication and teamwork between partners.|Can be adapted with props for comfort and accessibility.,Move slowly at first and adjust posture to avoid joint strain.|Use steady breathing to stay relaxed and coordinated.|Hydrate and take breaks as needed.,,,,,,125-alley.png,,,,,,false,true,true
126-italian-chandelier,126 Italian Chandelier,Illustrated 126 Italian Chandelier position with comfort-first guidance.,"Confirm mutual consent and boundaries before starting.
Choose a stable, comfortable surface and add support cushions if needed.
Align your bodies slowly and adjust angles for comfort and stability.
Pause to check in and stop immediately if there is pain or discomfort.",positions,intermediate,medium,some,positions|126|italian|chandelier,Encourages communication and teamwork between partners.|Can be adapted with props for comfort and accessibility.,Move slowly at first and adjust posture to avoid joint strain.|Use steady breathing to stay relaxed and coordinated.|Hydrate and take breaks as needed.,,,,,,126-italian-chandelier.png,,,,,,false,true,true
127-acrobat,127 Acrobat,Illustrated 127 Acrobat position with comfort-first guidance.,"Confirm mutual consent and boundaries before starting.
Choose a stable, comfortable surface and add support cushions if needed.
Align your bodies slowly and adjust angles for comfort and stability.
Pause to check in and stop immediately if there is pain or discomfort.",positions,intermediate,medium,some,positions|127|acrobat,Encourages communication and teamwork between partners.|Can be adapted with props for comfort and accessibility.,Move slowly at first and adjust posture to avoid joint strain.|Use steady breathing to stay relaxed and coordinated.|Hydrate and take breaks as needed.,,,,,,127-acrobat.png,,,,,,false,true,true
128-lap-dance,128 Lap Dance,Illustrated 128 Lap Dance position with comfort-first guidance.,"Confirm mutual consent and boundaries before starting.
Choose a stable, comfortable surface and add support cushions if needed.
Align your bodies slowly and adjust angles for comfort and stability.
Pause to check in and stop immediately if there is pain or discomfort.",positions,intermediate,medium,some,positions|128|lap|dance,Encourages communication and teamwork between partners.|Can be adapted with props for comfort and accessibility.,Move slowly at first and adjust posture to avoid joint strain.|Use steady breathing to stay relaxed and coordinated.|Hydrate and take breaks as needed.,,,,,,128-lap-dance.png,,,,,,false,true,true
129-octopus,129 Octopus,Illustrated 129 Octopus position with comfort-first guidance.,"Confirm mutual consent and boundaries before starting.
Choose a stable, comfortable surface and add support cushions if needed.
Align your bodies slowly and adjust angles for comfort and stability.
Pause to check in and stop immediately if there is pain or discomfort.",positions,intermediate,medium,some,positions|129|octopus,Encourages communication and teamwork between partners.|Can be adapted with props for comfort and accessibility.,Move slowly at first and adjust posture to avoid joint strain.|Use steady breathing to stay relaxed and coordinated.|Hydrate and take breaks as needed.,,,,,,129-octopus.png,,,,,,false,true,true
13-spoon,13 Spoon,Illustrated 13 Spoon position with comfort-first guidance.,"Confirm mutual consent and boundaries before starting.
Choose a stable, comfortable surface and add support cushions if needed.
Align your bodies slowly and adjust angles for comfort and stability.
Pause to check in and stop immediately if there is pain or discomfort.",positions,intermediate,medium,some,positions|13|spoon,Encourages communication and teamwork between partners.|Can be adapted with props for comfort and accessibility.,Move slowly at first and adjust posture to avoid joint strain.|Use steady breathing to stay relaxed and coordinated.|Hydrate and take breaks as needed.,,,,,,13-spoon.png,,,,,,false,true,true
130-ballet-dancer,130 Ballet Dancer,Illustrated 130 Ballet Dancer position with comfort-first guidance.,"Confirm mutual consent and boundaries before starting.
Choose a stable, comfortable surface and add support cushions if needed.
Align your bodies slowly and adjust angles for comfort and stability.
Pause to check in and stop immediately if there is pain or discomfort.",positions,intermediate,medium,some,positions|130|ballet|dancer,Encourages communication and teamwork between partners.|Can be adapted with props for comfort and accessibility.,Move slowly at first and adjust posture to avoid joint strain.|Use steady breathing to stay relaxed and coordinated.|Hydrate and take breaks as needed.,,,,,,130-ballet-dancer.png,,,,,,false,true,true
131-plain,131 Plain,Illustrated 131 Plain position with comfort-first guidance.,"Confirm mutual consent and boundaries before starting.
Choose a stable, comfortable surface and add support cushions if needed.
Align your bodies slowly and adjust angles for comfort and stability.
Pause to check in and stop immediately if there is pain or discomfort.",positions,intermediate,medium,some,positions|131|plain,Encourages communication and teamwork between partners.|Can be adapted with props for comfort and accessibility.,Move slowly at first and adjust posture to avoid joint strain.|Use steady breathing to stay relaxed and coordinated.|Hydrate and take breaks as needed.,,,,,,131-plain.png,,,,,,false,true,true
132-female-peasant,132 Female Peasant,Illustrated 132 Female Peasant position with comfort-first guidance.,"Confirm mutual consent and boundaries before starting.
Choose a stable, comfortable surface and add support cushions if needed.
Align your bodies slowly and adjust angles for comfort and stability.
Pause to check in and stop immediately if there is pain or discomfort.",positions,intermediate,medium,some,positions|132|female|peasant,Encourages communication and teamwork between partners.|Can be adapted with props for comfort and accessibility.,Move slowly at first and adjust posture to avoid joint strain.|Use steady breathing to stay relaxed and coordinated.|Hydrate and take breaks as needed.,,,,,,132-female-peasant.png,,,,,,false,true,true
133-amphibian,133 Amphibian,Illustrated 133 Amphibian position with comfort-first guidance.,"Confirm mutual consent and boundaries before starting.
Choose a stable, comfortable surface and add support cushions if needed.
Align your bodies slowly and adjust angles for comfort and stability.
Pause to check in and stop immediately if there is pain or discomfort.",positions,intermediate,medium,some,positions|133|amphibian,Encourages communication and teamwork between partners.|Can be adapted with props for comfort and accessibility.,Move slowly at first and adjust posture to avoid joint strain.|Use steady breathing to stay relaxed and coordinated.|Hydrate and take breaks as needed.,,,,,,133-amphibian.png,,,,,,false,true,true
134-goddess,134 Goddess,Illustrated 134 Goddess position with comfort-first guidance.,"Confirm mutual consent and boundaries before starting.
Choose a stable, comfortable surface and add support cushions if needed.
Align your bodies slowly and adjust angles for comfort and stability.
Pause to check in and stop immediately if there is pain or discomfort.",positions,intermediate,medium,some,positions|134|goddess,Encourages communication and teamwork between partners.|Can be adapted with props for comfort and accessibility.,Move slowly at first and adjust posture to avoid joint strain.|Use steady breathing to stay relaxed and coordinated.|Hydrate and take breaks as needed.,,,,,,134-goddess.png,,,,,,false,true,true
135-anaconda,135 Anaconda,Illustrated 135 Anaconda position with comfort-first guidance.,"Confirm mutual consent and boundaries before starting.
Choose a stable, comfortable surface and add support cushions if needed.
Align your bodies slowly and adjust angles for comfort and stability.
Pause to check in and stop immediately if there is pain or discomfort.",positions,intermediate,medium,some,positions|135|anaconda,Encourages communication and teamwork between partners.|Can be adapted with props for comfort and accessibility.,Move slowly at first and adjust posture to avoid joint strain.|Use steady breathing to stay relaxed and coordinated.|Hydrate and take breaks as needed.,,,,,,135-anaconda.png,,,,,,false,true,true
136-thirst,136 Thirst,Illustrated 136 Thirst position with comfort-first guidance.,"Confirm mutual consent and boundaries before starting.
Choose a stable, comfortable surface and add support cushions if needed.
Align your bodies slowly and adjust angles for comfort and stability.
Pause to check in and stop immediately if there is pain or discomfort.",positions,intermediate,medium,some,positions|136|thirst,Encourages communication and teamwork between partners.|Can be adapted with props for comfort and accessibility.,Move slowly at first and adjust posture to avoid joint strain.|Use steady breathing to stay relaxed and coordinated.|Hydrate and take breaks as needed.,,,,,,136-thirst.png,,,,,,false,true,true
137-starfish,137 Starfish,Illustrated 137 Starfish position with comfort-first guidance.,"Confirm mutual consent and boundaries before starting.
Choose a stable, comfortable surface and add support cushions if needed.
Align your bodies slowly and adjust angles for comfort and stability.
Pause to check in and stop immediately if there is pain or discomfort.",positions,intermediate,medium,some,positions|137|starfish,Encourages communication and teamwork between partners.|Can be adapted with props for comfort and accessibility.,Move slowly at first and adjust posture to avoid joint strain.|Use steady breathing to stay relaxed and coordinated.|Hydrate and take breaks as needed.,,,,,,137-starfish.png,,,,,,false,true,true
138-asian-cowgirl,138 Asian Cowgirl,Illustrated 138 Asian Cowgirl position with comfort-first guidance.,"Confirm mutual consent and boundaries before starting.
Choose a stable, comfortable surface and add support cushions if needed.
Align your bodies slowly and adjust angles for comfort and stability.
Pause to check in and stop immediately if there is pain or discomfort.",positions,intermediate,medium,some,positions|138|asian|cowgirl,Encourages communication and teamwork between partners.|Can be adapted with props for comfort and accessibility.,Move slowly at first and adjust posture to avoid joint strain.|Use steady breathing to stay relaxed and coordinated.|Hydrate and take breaks as needed.,,,,,,138-asian-cowgirl.png,,,,,,false,true,true
139-rainbow,139 Rainbow,Illustrated 139 Rainbow position with comfort-first guidance.,"Confirm mutual consent and boundaries before starting.
Choose a stable, comfortable surface and add support cushions if needed.
Align your bodies slowly and adjust angles for comfort and stability.
Pause to check in and stop immediately if there is pain or discomfort.",positions,intermediate,medium,some,positions|139|rainbow,Encourages communication and teamwork between partners.|Can be adapted with props for comfort and accessibility.,Move slowly at first and adjust posture to avoid joint strain.|Use steady breathing to stay relaxed and coordinated.|Hydrate and take breaks as needed.,,,,,,139-rainbow.png,,,,,,false,true,true
14-tulip,14 Tulip,Illustrated 14 Tulip position with comfort-first guidance.,"Confirm mutual consent and boundaries before starting.
Choose a stable, comfortable surface and add support cushions if needed.
Align your bodies slowly and adjust angles for comfort and stability.
Pause to check in and stop immediately if there is pain or discomfort.",positions,intermediate,medium,some,positions|14|tulip,Encourages communication and teamwork between partners.|Can be adapted with props for comfort and accessibility.,Move slowly at first and adjust posture to avoid joint strain.|Use steady breathing to stay relaxed and coordinated.|Hydrate and take breaks as needed.,,,,,,14-tulip.png,,,,,,false,true,true
140-doggy-style,140 Doggy Style,Illustrated 140 Doggy Style position with comfort-first guidance.,"Confirm mutual consent and boundaries before starting.
Choose a stable, comfortable surface and add support cushions if needed.
Align your bodies slowly and adjust angles for comfort and stability.
Pause to check in and stop immediately if there is pain or discomfort.",positions,intermediate,medium,some,positions|140|doggy|style,Encourages communication and teamwork between partners.|Can be adapted with props for comfort and accessibility.,Move slowly at first and adjust posture to avoid joint strain.|Use steady breathing to stay relaxed and coordinated.|Hydrate and take breaks as needed.,,,,,,140-doggy-style.png,,,,,,false,true,true
141-she-wolf,141 She Wolf,Illustrated 141 She Wolf position with comfort-first guidance.,"Confirm mutual consent and boundaries before starting.
Choose a stable, comfortable surface and add support cushions if needed.
Align your bodies slowly and adjust angles for comfort and stability.
Pause to check in and stop immediately if there is pain or discomfort.",positions,intermediate,medium,some,positions|141|she|wolf,Encourages communication and teamwork between partners.|Can be adapted with props for comfort and accessibility.,Move slowly at first and adjust posture to avoid joint strain.|Use steady breathing to stay relaxed and coordinated.|Hydrate and take breaks as needed.,,,,,,141-she-wolf.png,,,,,,false,true,true
142-rabbit-ears,142 Rabbit Ears,Illustrated 142 Rabbit Ears position with comfort-first guidance.,"Confirm mutual consent and boundaries before starting.
Choose a stable, comfortable surface and add support cushions if needed.
Align your bodies slowly and adjust angles for comfort and stability.
Pause to check in and stop immediately if there is pain or discomfort.",positions,intermediate,medium,some,positions|142|rabbit|ears,Encourages communication and teamwork between partners.|Can be adapted with props for comfort and accessibility.,Move slowly at first and adjust posture to avoid joint strain.|Use steady breathing to stay relaxed and coordinated.|Hydrate and take breaks as needed.,,,,,,142-rabbit-ears.png,,,,,,false,true,true
143-prone-bone,143 Prone Bone,Illustrated 143 Prone Bone position with comfort-first guidance.,"Confirm mutual consent and boundaries before starting.
Choose a stable, comfortable surface and add support cushions if needed.
Align your bodies slowly and adjust angles for comfort and stability.
Pause to check in and stop immediately if there is pain or discomfort.",positions,intermediate,medium,some,positions|143|prone|bone,Encourages communication and teamwork between partners.|Can be adapted with props for comfort and accessibility.,Move slowly at first and adjust posture to avoid joint strain.|Use steady breathing to stay relaxed and coordinated.|Hydrate and take breaks as needed.,,,,,,143-prone-bone.png,,,,,,false,true,true
144-stick-figure,144 Stick Figure,Illustrated 144 Stick Figure position with comfort-first guidance.,"Confirm mutual consent and boundaries before starting.
Choose a stable, comfortable surface and add support cushions if needed.
Align your bodies slowly and adjust angles for comfort and stability.
Pause to check in and stop immediately if there is pain or discomfort.",positions,intermediate,medium,some,positions|144|stick|figure,Encourages communication and teamwork between partners.|Can be adapted with props for comfort and accessibility.,Move slowly at first and adjust posture to avoid joint strain.|Use steady breathing to stay relaxed and coordinated.|Hydrate and take breaks as needed.,,,,,,144-stick-figure.png,,,,,,false,true,true
145-zombie,145 Zombie,Illustrated 145 Zombie position with comfort-first guidance.,"Confirm mutual consent and boundaries before starting.
Choose a stable, comfortable surface and add support cushions if needed.
Align your bodies slowly and adjust angles for comfort and stability.
Pause to check in and stop immediately if there is pain or discomfort.",positions,intermediate,medium,some,positions|145|zombie,Encourages communication and teamwork between partners.|Can be adapted with props for comfort and accessibility.,Move slowly at first and adjust posture to avoid joint strain.|Use steady breathing to stay relaxed and coordinated.|Hydrate and take breaks as needed.,,,,,,145-zombie.png,,,,,,false,true,true
146-emmanuel,146 Emmanuel,Illustrated 146 Emmanuel position with comfort-first guidance.,"Confirm mutual consent and boundaries before starting.
Choose a stable, comfortable surface and add support cushions if needed.
Align your bodies slowly and adjust angles for comfort and stability.
Pause to check in and stop immediately if there is pain or discomfort.",positions,intermediate,medium,some,positions|146|emmanuel,Encourages communication and teamwork between partners.|Can be adapted with props for comfort and accessibility.,Move slowly at first and adjust posture to avoid joint strain.|Use steady breathing to stay relaxed and coordinated.|Hydrate and take breaks as needed.,,,,,,146-emmanuel.png,,,,,,false,true,true
147-batman,147 Batman,Illustrated 147 Batman position with comfort-first guidance.,"Confirm mutual consent and boundaries before starting.
Choose a stable, comfortable surface and add support cushions if needed.
Align your bodies slowly and adjust angles for comfort and stability.
Pause to check in and stop immediately if there is pain or discomfort.",positions,intermediate,medium,some,positions|147|batman,Encourages communication and teamwork between partners.|Can be adapted with props for comfort and accessibility.,Move slowly at first and adjust posture to avoid joint strain.|Use steady breathing to stay relaxed and coordinated.|Hydrate and take breaks as needed.,,,,,,147-batman.png,,,,,,false,true,true
148-plaid,148 Plaid,Illustrated 148 Plaid position with comfort-first guidance.,"Confirm mutual consent and boundaries before starting.
Choose a stable, comfortable surface and add support cushions if needed.
Align your bodies slowly and adjust angles for comfort and stability.
Pause to check in and stop immediately if there is pain or discomfort.",positions,intermediate,medium,some,positions|148|plaid,Encourages communication and teamwork between partners.|Can be adapted with props for comfort and accessibility.,Move slowly at first and adjust posture to avoid joint strain.|Use steady breathing to stay relaxed and coordinated.|Hydrate and take breaks as needed.,,,,,,148-plaid.png,,,,,,false,true,true
149-ball,149 Ball,Illustrated 149 Ball position with comfort-first guidance.,"Confirm mutual consent and boundaries before starting.
Choose a stable, comfortable surface and add support cushions if needed.
Align your bodies slowly and adjust angles for comfort and stability.
Pause to check in and stop immediately if there is pain or discomfort.",positions,intermediate,medium,some,positions|149|ball,Encourages communication and teamwork between partners.|Can be adapted with props for comfort and accessibility.,Move slowly at first and adjust posture to avoid joint strain.|Use steady breathing to stay relaxed and coordinated.|Hydrate and take breaks as needed.,,,,,,149-ball.png,,,,,,false,true,true
15-swing,15 Swing,Illustrated 15 Swing position with comfort-first guidance.,"Confirm mutual consent and boundaries before starting.
Choose a stable, comfortable surface and add support cushions if needed.
Align your bodies slowly and adjust angles for comfort and stability.
Pause to check in and stop immediately if there is pain or discomfort.",positions,intermediate,medium,some,positions|15|swing,Encourages communication and teamwork between partners.|Can be adapted with props for comfort and accessibility.,Move slowly at first and adjust posture to avoid joint strain.|Use steady breathing to stay relaxed and coordinated.|Hydrate and take breaks as needed.,,,,,,15-swing.png,,,,,,false,true,true
150-reverse-cowgirl,150 Reverse Cowgirl,Illustrated 150 Reverse Cowgirl position with comfort-first guidance.,"Confirm mutual consent and boundaries before starting.
Choose a stable, comfortable surface and add support cushions if needed.
Align your bodies slowly and adjust angles for comfort and stability.
Pause to check in and stop immediately if there is pain or discomfort.",positions,intermediate,medium,some,positions|150|reverse|cowgirl,Encourages communication and teamwork between partners.|Can be adapted with props for comfort and accessibility.,Move slowly at first and adjust posture to avoid joint strain.|Use steady breathing to stay relaxed and coordinated.|Hydrate and take breaks as needed.,,,,,,150-reverse-cowgirl.png,,,,,,false,true,true
151-twix,151 Twix,Illustrated 151 Twix position with comfort-first guidance.,"Confirm mutual consent and boundaries before starting.
Choose a stable, comfortable surface and add support cushions if needed.
Align your bodies slowly and adjust angles for comfort and stability.
Pause to check in and stop immediately if there is pain or discomfort.",positions,intermediate,medium,some,positions|151|twix,Encourages communication and teamwork between partners.|Can be adapted with props for comfort and accessibility.,Move slowly at first and adjust posture to avoid joint strain.|Use steady breathing to stay relaxed and coordinated.|Hydrate and take breaks as needed.,,,,,,151-twix.png,,,,,,false,true,true
152-honeymoon,152 Honeymoon,Illustrated 152 Honeymoon position with comfort-first guidance.,"Confirm mutual consent and boundaries before starting.
Choose a stable, comfortable surface and add support cushions if needed.
Align your bodies slowly and adjust angles for comfort and stability.
Pause to check in and stop immediately if there is pain or discomfort.",positions,intermediate,medium,some,positions|152|honeymoon,Encourages communication and teamwork between partners.|Can be adapted with props for comfort and accessibility.,Move slowly at first and adjust posture to avoid joint strain.|Use steady breathing to stay relaxed and coordinated.|Hydrate and take breaks as needed.,,,,,,152-honeymoon.png,,,,,,false,true,true
153-bow,153 Bow,Illustrated 153 Bow position with comfort-first guidance.,"Confirm mutual consent and boundaries before starting.
Choose a stable, comfortable surface and add support cushions if needed.
Align your bodies slowly and adjust angles for comfort and stability.
Pause to check in and stop immediately if there is pain or discomfort.",positions,intermediate,medium,some,positions|153|bow,Encourages communication and teamwork between partners.|Can be adapted with props for comfort and accessibility.,Move slowly at first and adjust posture to avoid joint strain.|Use steady breathing to stay relaxed and coordinated.|Hydrate and take breaks as needed.,,,,,,153-bow.png,,,,,,false,true,true
154-trunk,154 Trunk,Illustrated 154 Trunk position with comfort-first guidance.,"Confirm mutual consent and boundaries before starting.
Choose a stable, comfortable surface and add support cushions if needed.
Align your bodies slowly and adjust angles for comfort and stability.
Pause to check in and stop immediately if there is pain or discomfort.",positions,intermediate,medium,some,positions|154|trunk,Encourages communication and teamwork between partners.|Can be adapted with props for comfort and accessibility.,Move slowly at first and adjust posture to avoid joint strain.|Use steady breathing to stay relaxed and coordinated.|Hydrate and take breaks as needed.,,,,,,154-trunk.png,,,,,,false,true,true
155-jockey,155 Jockey,Illustrated 155 Jockey position with comfort-first guidance.,"Confirm mutual consent and boundaries before starting.
Choose a stable, comfortable surface and add support cushions if needed.
Align your bodies slowly and adjust angles for comfort and stability.
Pause to check in and stop immediately if there is pain or discomfort.",positions,intermediate,medium,some,positions|155|jockey,Encourages communication and teamwork between partners.|Can be adapted with props for comfort and accessibility.,Move slowly at first and adjust posture to avoid joint strain.|Use steady breathing to stay relaxed and coordinated.|Hydrate and take breaks as needed.,,,,,,155-jockey.png,,,,,,false,true,true
156-twins,156 Twins,Illustrated 156 Twins position with comfort-first guidance.,"Confirm mutual consent and boundaries before starting.
Choose a stable, comfortable surface and add support cushions if needed.
Align your bodies slowly and adjust angles for comfort and stability.
Pause to check in and stop immediately if there is pain or discomfort.",positions,intermediate,medium,some,positions|156|twins,Encourages communication and teamwork between partners.|Can be adapted with props for comfort and accessibility.,Move slowly at first and adjust posture to avoid joint strain.|Use steady breathing to stay relaxed and coordinated.|Hydrate and take breaks as needed.,,,,,,156-twins.png,,,,,,false,true,true
157-pisces,157 Pisces,Illustrated 157 Pisces position with comfort-first guidance.,"Confirm mutual consent and boundaries before starting.
Choose a stable, comfortable surface and add support cushions if needed.
Align your bodies slowly and adjust angles for comfort and stability.
Pause to check in and stop immediately if there is pain or discomfort.",positions,intermediate,medium,some,positions|157|pisces,Encourages communication and teamwork between partners.|Can be adapted with props for comfort and accessibility.,Move slowly at first and adjust posture to avoid joint strain.|Use steady breathing to stay relaxed and coordinated.|Hydrate and take breaks as needed.,,,,,,157-pisces.png,,,,,,false,true,true
158-train,158 Train,Illustrated 158 Train position with comfort-first guidance.,"Confirm mutual consent and boundaries before starting.
Choose a stable, comfortable surface and add support cushions if needed.
Align your bodies slowly and adjust angles for comfort and stability.
Pause to check in and stop immediately if there is pain or discomfort.",positions,intermediate,medium,some,positions|158|train,Encourages communication and teamwork between partners.|Can be adapted with props for comfort and accessibility.,Move slowly at first and adjust posture to avoid joint strain.|Use steady breathing to stay relaxed and coordinated.|Hydrate and take breaks as needed.,,,,,,158-train.png,,,,,,false,true,true
159-angry-pirate,159 Angry Pirate,Illustrated 159 Angry Pirate position with comfort-first guidance.,"Confirm mutual consent and boundaries before starting.
Choose a stable, comfortable surface and add support cushions if needed.
Align your bodies slowly and adjust angles for comfort and stability.
Pause to check in and stop immediately if there is pain or discomfort.",positions,intermediate,medium,some,positions|159|angry|pirate,Encourages communication and teamwork between partners.|Can be adapted with props for comfort and accessibility.,Move slowly at first and adjust posture to avoid joint strain.|Use steady breathing to stay relaxed and coordinated.|Hydrate and take breaks as needed.,,,,,,159-angry-pirate.png,,,,,,false,true,true
16-tornado,16 Tornado,Illustrated 16 Tornado position with comfort-first guidance.,"Confirm mutual consent and boundaries before starting.
Choose a stable, comfortable surface and add support cushions if needed.
Align your bodies slowly and adjust angles for comfort and stability.
Pause to check in and stop immediately if there is pain or discomfort.",positions,intermediate,medium,some,positions|16|tornado,Encourages communication and teamwork between partners.|Can be adapted with props for comfort and accessibility.,Move slowly at first and adjust posture to avoid joint strain.|Use steady breathing to stay relaxed and coordinated.|Hydrate and take breaks as needed.,,,,,,16-tornado.png,,,,,,false,true,true
160-glass,160 Glass,Illustrated 160 Glass position with comfort-first guidance.,"Confirm mutual consent and boundaries before starting.
Choose a stable, comfortable surface and add support cushions if needed.
Align your bodies slowly and adjust angles for comfort and stability.
Pause to check in and stop immediately if there is pain or discomfort.",positions,intermediate,medium,some,positions|160|glass,Encourages communication and teamwork between partners.|Can be adapted with props for comfort and accessibility.,Move slowly at first and adjust posture to avoid joint strain.|Use steady breathing to stay relaxed and coordinated.|Hydrate and take breaks as needed.,,,,,,160-glass.png,,,,,,false,true,true
161-amazon,161 Amazon,Illustrated 161 Amazon position with comfort-first guidance.,"Confirm mutual consent and boundaries before starting.
Choose a stable, comfortable surface and add support cushions if needed.
Align your bodies slowly and adjust angles for comfort and stability.
Pause to check in and stop immediately if there is pain or discomfort.",positions,intermediate,medium,some,positions|161|amazon,Encourages communication and teamwork between partners.|Can be adapted with props for comfort and accessibility.,Move slowly at first and adjust posture to avoid joint strain.|Use steady breathing to stay relaxed and coordinated.|Hydrate and take breaks as needed.,,,,,,161-amazon.png,,,,,,false,true,true
162-sledge,162 Sledge,Illustrated 162 Sledge position with comfort-first guidance.,"Confirm mutual consent and boundaries before starting.
Choose a stable, comfortable surface and add support cushions if needed.
Align your bodies slowly and adjust angles for comfort and stability.
Pause to check in and stop immediately if there is pain or discomfort.",positions,intermediate,medium,some,positions|162|sledge,Encourages communication and teamwork between partners.|Can be adapted with props for comfort and accessibility.,Move slowly at first and adjust posture to avoid joint strain.|Use steady breathing to stay relaxed and coordinated.|Hydrate and take breaks as needed.,,,,,,162-sledge.png,,,,,,false,true,true
163-eagle,163 Eagle,Illustrated 163 Eagle position with comfort-first guidance.,"Confirm mutual consent and boundaries before starting.
Choose a stable, comfortable surface and add support cushions if needed.
Align your bodies slowly and adjust angles for comfort and stability.
Pause to check in and stop immediately if there is pain or discomfort.",positions,intermediate,medium,some,positions|163|eagle,Encourages communication and teamwork between partners.|Can be adapted with props for comfort and accessibility.,Move slowly at first and adjust posture to avoid joint strain.|Use steady breathing to stay relaxed and coordinated.|Hydrate and take breaks as needed.,,,,,,163-eagle.png,,,,,,false,true,true
164-frog,164 Frog,Illustrated 164 Frog position with comfort-first guidance.,"Confirm mutual consent and boundaries before starting.
Choose a stable, comfortable surface and add support cushions if needed.
Align your bodies slowly and adjust angles for comfort and stability.
Pause to check in and stop immediately if there is pain or discomfort.",positions,intermediate,medium,some,positions|164|frog,Encourages communication and teamwork between partners.|Can be adapted with props for comfort and accessibility.,Move slowly at first and adjust posture to avoid joint strain.|Use steady breathing to stay relaxed and coordinated.|Hydrate and take breaks as needed.,,,,,,164-frog.png,,,,,,false,true,true
165-bow,165 Bow,Illustrated 165 Bow position with comfort-first guidance.,"Confirm mutual consent and boundaries before starting.
Choose a stable, comfortable surface and add support cushions if needed.
Align your bodies slowly and adjust angles for comfort and stability.
Pause to check in and stop immediately if there is pain or discomfort.",positions,intermediate,medium,some,positions|165|bow,Encourages communication and teamwork between partners.|Can be adapted with props for comfort and accessibility.,Move slowly at first and adjust posture to avoid joint strain.|Use steady breathing to stay relaxed and coordinated.|Hydrate and take breaks as needed.,,,,,,165-bow.png,,,,,,false,true,true
166-hill,166 Hill,Illustrated 166 Hill position with comfort-first guidance.,"Confirm mutual consent and boundaries before starting.
Choose a stable, comfortable surface and add support cushions if needed.
Align your bodies slowly and adjust angles for comfort and stability.
Pause to check in and stop immediately if there is pain or discomfort.",positions,intermediate,medium,some,positions|166|hill,Encourages communication and teamwork between partners.|Can be adapted with props for comfort and accessibility.,Move slowly at first and adjust posture to avoid joint strain.|Use steady breathing to stay relaxed and coordinated.|Hydrate and take breaks as needed.,,,,,,166-hill.png,,,,,,false,true,true
167-surf-board,167 Surf Board,Illustrated 167 Surf Board position with comfort-first guidance.,"Confirm mutual consent and boundaries before starting.
Choose a stable, comfortable surface and add support cushions if needed.
Align your bodies slowly and adjust angles for comfort and stability.
Pause to check in and stop immediately if there is pain or discomfort.",positions,intermediate,medium,some,positions|167|surf|board,Encourages communication and teamwork between partners.|Can be adapted with props for comfort and accessibility.,Move slowly at first and adjust posture to avoid joint strain.|Use steady breathing to stay relaxed and coordinated.|Hydrate and take breaks as needed.,,,,,,167-surf-board.png,,,,,,false,true,true
168-jellyfish,168 Jellyfish,Illustrated 168 Jellyfish position with comfort-first guidance.,"Confirm mutual consent and boundaries before starting.
Choose a stable, comfortable surface and add support cushions if needed.
Align your bodies slowly and adjust angles for comfort and stability.
Pause to check in and stop immediately if there is pain or discomfort.",positions,intermediate,medium,some,positions|168|jellyfish,Encourages communication and teamwork between partners.|Can be adapted with props for comfort and accessibility.,Move slowly at first and adjust posture to avoid joint strain.|Use steady breathing to stay relaxed and coordinated.|Hydrate and take breaks as needed.,,,,,,168-jellyfish.png,,,,,,false,true,true
169-snake,169 Snake,Illustrated 169 Snake position with comfort-first guidance.,"Confirm mutual consent and boundaries before starting.
Choose a stable, comfortable surface and add support cushions if needed.
Align your bodies slowly and adjust angles for comfort and stability.
Pause to check in and stop immediately if there is pain or discomfort.",positions,intermediate,medium,some,positions|169|snake,Encourages communication and teamwork between partners.|Can be adapted with props for comfort and accessibility.,Move slowly at first and adjust posture to avoid joint strain.|Use steady breathing to stay relaxed and coordinated.|Hydrate and take breaks as needed.,,,,,,169-snake.png,,,,,,false,true,true
17-basset-hound,17 Basset Hound,Illustrated 17 Basset Hound position with comfort-first guidance.,"Confirm mutual consent and boundaries before starting.
Choose a stable, comfortable surface and add support cushions if needed.
Align your bodies slowly and adjust angles for comfort and stability.
Pause to check in and stop immediately if there is pain or discomfort.",positions,intermediate,medium,some,positions|17|basset|hound,Encourages communication and teamwork between partners.|Can be adapted with props for comfort and accessibility.,Move slowly at first and adjust posture to avoid joint strain.|Use steady breathing to stay relaxed and coordinated.|Hydrate and take breaks as needed.,,,,,,17-basset-hound.png,,,,,,false,true,true
170-valedictorian,170 Valedictorian,Illustrated 170 Valedictorian position with comfort-first guidance.,"Confirm mutual consent and boundaries before starting.
Choose a stable, comfortable surface and add support cushions if needed.
Align your bodies slowly and adjust angles for comfort and stability.
Pause to check in and stop immediately if there is pain or discomfort.",positions,intermediate,medium,some,positions|170|valedictorian,Encourages communication and teamwork between partners.|Can be adapted with props for comfort and accessibility.,Move slowly at first and adjust posture to avoid joint strain.|Use steady breathing to stay relaxed and coordinated.|Hydrate and take breaks as needed.,,,,,,170-valedictorian.png,,,,,,false,true,true
171-mexican-halloween,171 Mexican Halloween,Illustrated 171 Mexican Halloween position with comfort-first guidance.,"Confirm mutual consent and boundaries before starting.
Choose a stable, comfortable surface and add support cushions if needed.
Align your bodies slowly and adjust angles for comfort and stability.
Pause to check in and stop immediately if there is pain or discomfort.",positions,intermediate,medium,some,positions|171|mexican|halloween,Encourages communication and teamwork between partners.|Can be adapted with props for comfort and accessibility.,Move slowly at first and adjust posture to avoid joint strain.|Use steady breathing to stay relaxed and coordinated.|Hydrate and take breaks as needed.,,,,,,171-mexican-halloween.png,,,,,,false,true,true
172-marmalade,172 Marmalade,Illustrated 172 Marmalade position with comfort-first guidance.,"Confirm mutual consent and boundaries before starting.
Choose a stable, comfortable surface and add support cushions if needed.
Align your bodies slowly and adjust angles for comfort and stability.
Pause to check in and stop immediately if there is pain or discomfort.",positions,intermediate,medium,some,positions|172|marmalade,Encourages communication and teamwork between partners.|Can be adapted with props for comfort and accessibility.,Move slowly at first and adjust posture to avoid joint strain.|Use steady breathing to stay relaxed and coordinated.|Hydrate and take breaks as needed.,,,,,,172-marmalade.png,,,,,,false,true,true
173-arch,173 Arch,Illustrated 173 Arch position with comfort-first guidance.,"Confirm mutual consent and boundaries before starting.
Choose a stable, comfortable surface and add support cushions if needed.
Align your bodies slowly and adjust angles for comfort and stability.
Pause to check in and stop immediately if there is pain or discomfort.",positions,intermediate,medium,some,positions|173|arch,Encourages communication and teamwork between partners.|Can be adapted with props for comfort and accessibility.,Move slowly at first and adjust posture to avoid joint strain.|Use steady breathing to stay relaxed and coordinated.|Hydrate and take breaks as needed.,,,,,,173-arch.png,,,,,,false,true,true
174-aries,174 Aries,Illustrated 174 Aries position with comfort-first guidance.,"Confirm mutual consent and boundaries before starting.
Choose a stable, comfortable surface and add support cushions if needed.
Align your bodies slowly and adjust angles for comfort and stability.
Pause to check in and stop immediately if there is pain or discomfort.",positions,intermediate,medium,some,positions|174|aries,Encourages communication and teamwork between partners.|Can be adapted with props for comfort and accessibility.,Move slowly at first and adjust posture to avoid joint strain.|Use steady breathing to stay relaxed and coordinated.|Hydrate and take breaks as needed.,,,,,,174-aries.png,,,,,,false,true,true
175-overpass,175 Overpass,Illustrated 175 Overpass position with comfort-first guidance.,"Confirm mutual consent and boundaries before starting.
Choose a stable, comfortable surface and add support cushions if needed.
Align your bodies slowly and adjust angles for comfort and stability.
Pause to check in and stop immediately if there is pain or discomfort.",positions,intermediate,medium,some,positions|175|overpass,Encourages communication and teamwork between partners.|Can be adapted with props for comfort and accessibility.,Move slowly at first and adjust posture to avoid joint strain.|Use steady breathing to stay relaxed and coordinated.|Hydrate and take breaks as needed.,,,,,,175-overpass.png,,,,,,false,true,true
176-iron,176 Iron,Illustrated 176 Iron position with comfort-first guidance.,"Confirm mutual consent and boundaries before starting.
Choose a stable, comfortable surface and add support cushions if needed.
Align your bodies slowly and adjust angles for comfort and stability.
Pause to check in and stop immediately if there is pain or discomfort.",positions,intermediate,medium,some,positions|176|iron,Encourages communication and teamwork between partners.|Can be adapted with props for comfort and accessibility.,Move slowly at first and adjust posture to avoid joint strain.|Use steady breathing to stay relaxed and coordinated.|Hydrate and take breaks as needed.,,,,,,176-iron.png,,,,,,false,true,true
177-splitting-bamboo,177 Splitting Bamboo,Illustrated 177 Splitting Bamboo position with comfort-first guidance.,"Confirm mutual consent and boundaries before starting.
Choose a stable, comfortable surface and add support cushions if needed.
Align your bodies slowly and adjust angles for comfort and stability.
Pause to check in and stop immediately if there is pain or discomfort.",positions,intermediate,medium,some,positions|177|splitting|bamboo,Encourages communication and teamwork between partners.|Can be adapted with props for comfort and accessibility.,Move slowly at first and adjust posture to avoid joint strain.|Use steady breathing to stay relaxed and coordinated.|Hydrate and take breaks as needed.,,,,,,177-splitting-bamboo.png,,,,,,false,true,true
178-poplar,178 Poplar,Illustrated 178 Poplar position with comfort-first guidance.,"Confirm mutual consent and boundaries before starting.
Choose a stable, comfortable surface and add support cushions if needed.
Align your bodies slowly and adjust angles for comfort and stability.
Pause to check in and stop immediately if there is pain or discomfort.",positions,intermediate,medium,some,positions|178|poplar,Encourages communication and teamwork between partners.|Can be adapted with props for comfort and accessibility.,Move slowly at first and adjust posture to avoid joint strain.|Use steady breathing to stay relaxed and coordinated.|Hydrate and take breaks as needed.,,,,,,178-poplar.png,,,,,,false,true,true
179-leo,179 Leo,Illustrated 179 Leo position with comfort-first guidance.,"Confirm mutual consent and boundaries before starting.
Choose a stable, comfortable surface and add support cushions if needed.
Align your bodies slowly and adjust angles for comfort and stability.
Pause to check in and stop immediately if there is pain or discomfort.",positions,intermediate,medium,some,positions|179|leo,Encourages communication and teamwork between partners.|Can be adapted with props for comfort and accessibility.,Move slowly at first and adjust posture to avoid joint strain.|Use steady breathing to stay relaxed and coordinated.|Hydrate and take breaks as needed.,,,,,,179-leo.png,,,,,,false,true,true
18-waterfall,18 Waterfall,Illustrated 18 Waterfall position with comfort-first guidance.,"Confirm mutual consent and boundaries before starting.
Choose a stable, comfortable surface and add support cushions if needed.
Align your bodies slowly and adjust angles for comfort and stability.
Pause to check in and stop immediately if there is pain or discomfort.",positions,intermediate,medium,some,positions|18|waterfall,Encourages communication and teamwork between partners.|Can be adapted with props for comfort and accessibility.,Move slowly at first and adjust posture to avoid joint strain.|Use steady breathing to stay relaxed and coordinated.|Hydrate and take breaks as needed.,,,,,,18-waterfall.png,,,,,,false,true,true
180-reflection,180 Reflection,Illustrated 180 Reflection position with comfort-first guidance.,"Confirm mutual consent and boundaries before starting.
Choose a stable, comfortable surface and add support cushions if needed.
Align your bodies slowly and adjust angles for comfort and stability.
Pause to check in and stop immediately if there is pain or discomfort.",positions,intermediate,medium,some,positions|180|reflection,Encourages communication and teamwork between partners.|Can be adapted with props for comfort and accessibility.,Move slowly at first and adjust posture to avoid joint strain.|Use steady breathing to stay relaxed and coordinated.|Hydrate and take breaks as needed.,,,,,,180-reflection.png,,,,,,false,true,true
181-sphinx,181 Sphinx,Illustrated 181 Sphinx position with comfort-first guidance.,"Confirm mutual consent and boundaries before starting.
Choose a stable, comfortable surface and add support cushions if needed.
Align your bodies slowly and adjust angles for comfort and stability.
Pause to check in and stop immediately if there is pain or discomfort.",positions,intermediate,medium,some,positions|181|sphinx,Encourages communication and teamwork between partners.|Can be adapted with props for comfort and accessibility.,Move slowly at first and adjust posture to avoid joint strain.|Use steady breathing to stay relaxed and coordinated.|Hydrate and take breaks as needed.,,,,,,181-sphinx.png,,,,,,false,true,true
182-pendant,182 Pendant,Illustrated 182 Pendant position with comfort-first guidance.,"Confirm mutual consent and boundaries before starting.
Choose a stable, comfortable surface and add support cushions if needed.
Align your bodies slowly and adjust angles for comfort and stability.
Pause to check in and stop immediately if there is pain or discomfort.",positions,intermediate,medium,some,positions|182|pendant,Encourages communication and teamwork between partners.|Can be adapted with props for comfort and accessibility.,Move slowly at first and adjust posture to avoid joint strain.|Use steady breathing to stay relaxed and coordinated.|Hydrate and take breaks as needed.,,,,,,182-pendant.png,,,,,,false,true,true
183-tamer,183 Tamer,Illustrated 183 Tamer position with comfort-first guidance.,"Confirm mutual consent and boundaries before starting.
Choose a stable, comfortable surface and add support cushions if needed.
Align your bodies slowly and adjust angles for comfort and stability.
Pause to check in and stop immediately if there is pain or discomfort.",positions,intermediate,medium,some,positions|183|tamer,Encourages communication and teamwork between partners.|Can be adapted with props for comfort and accessibility.,Move slowly at first and adjust posture to avoid joint strain.|Use steady breathing to stay relaxed and coordinated.|Hydrate and take breaks as needed.,,,,,,183-tamer.png,,,,,,false,true,true
184-spider,184 Spider,Illustrated 184 Spider position with comfort-first guidance.,"Confirm mutual consent and boundaries before starting.
Choose a stable, comfortable surface and add support cushions if needed.
Align your bodies slowly and adjust angles for comfort and stability.
Pause to check in and stop immediately if there is pain or discomfort.",positions,intermediate,medium,some,positions|184|spider,Encourages communication and teamwork between partners.|Can be adapted with props for comfort and accessibility.,Move slowly at first and adjust posture to avoid joint strain.|Use steady breathing to stay relaxed and coordinated.|Hydrate and take breaks as needed.,,,,,,184-spider.png,,,,,,false,true,true
185-backwards-cowgirl,185 Backwards Cowgirl,Illustrated 185 Backwards Cowgirl position with comfort-first guidance.,"Confirm mutual consent and boundaries before starting.
Choose a stable, comfortable surface and add support cushions if needed.
Align your bodies slowly and adjust angles for comfort and stability.
Pause to check in and stop immediately if there is pain or discomfort.",positions,intermediate,medium,some,positions|185|backwards|cowgirl,Encourages communication and teamwork between partners.|Can be adapted with props for comfort and accessibility.,Move slowly at first and adjust posture to avoid joint strain.|Use steady breathing to stay relaxed and coordinated.|Hydrate and take breaks as needed.,,,,,,185-backwards-cowgirl.png,,,,,,false,true,true
186-brute,186 Brute,Illustrated 186 Brute position with comfort-first guidance.,"Confirm mutual consent and boundaries before starting.
Choose a stable, comfortable surface and add support cushions if needed.
Align your bodies slowly and adjust angles for comfort and stability.
Pause to check in and stop immediately if there is pain or discomfort.",positions,intermediate,medium,some,positions|186|brute,Encourages communication and teamwork between partners.|Can be adapted with props for comfort and accessibility.,Move slowly at first and adjust posture to avoid joint strain.|Use steady breathing to stay relaxed and coordinated.|Hydrate and take breaks as needed.,,,,,,186-brute.png,,,,,,false,true,true
187-ice-cream,187 Ice Cream,Illustrated 187 Ice Cream position with comfort-first guidance.,"Confirm mutual consent and boundaries before starting.
Choose a stable, comfortable surface and add support cushions if needed.
Align your bodies slowly and adjust angles for comfort and stability.
Pause to check in and stop immediately if there is pain or discomfort.",positions,intermediate,medium,some,positions|187|ice|cream,Encourages communication and teamwork between partners.|Can be adapted with props for comfort and accessibility.,Move slowly at first and adjust posture to avoid joint strain.|Use steady breathing to stay relaxed and coordinated.|Hydrate and take breaks as needed.,,,,,,187-ice-cream.png,,,,,,false,true,true
188-hero,188 Hero,Illustrated 188 Hero position with comfort-first guidance.,"Confirm mutual consent and boundaries before starting.
Choose a stable, comfortable surface and add support cushions if needed.
Align your bodies slowly and adjust angles for comfort and stability.
Pause to check in and stop immediately if there is pain or discomfort.",positions,intermediate,medium,some,positions|188|hero,Encourages communication and teamwork between partners.|Can be adapted with props for comfort and accessibility.,Move slowly at first and adjust posture to avoid joint strain.|Use steady breathing to stay relaxed and coordinated.|Hydrate and take breaks as needed.,,,,,,188-hero.png,,,,,,false,true,true
189-oath,189 Oath,Illustrated 189 Oath position with comfort-first guidance.,"Confirm mutual consent and boundaries before starting.
Choose a stable, comfortable surface and add support cushions if needed.
Align your bodies slowly and adjust angles for comfort and stability.
Pause to check in and stop immediately if there is pain or discomfort.",positions,intermediate,medium,some,positions|189|oath,Encourages communication and teamwork between partners.|Can be adapted with props for comfort and accessibility.,Move slowly at first and adjust posture to avoid joint strain.|Use steady breathing to stay relaxed and coordinated.|Hydrate and take breaks as needed.,,,,,,189-oath.png,,,,,,false,true,true
19-sprout,19 Sprout,Illustrated 19 Sprout position with comfort-first guidance.,"Confirm mutual consent and boundaries before starting.
Choose a stable, comfortable surface and add support cushions if needed.
Align your bodies slowly and adjust angles for comfort and stability.
Pause to check in and stop immediately if there is pain or discomfort.",positions,intermediate,medium,some,positions|19|sprout,Encourages communication and teamwork between partners.|Can be adapted with props for comfort and accessibility.,Move slowly at first and adjust posture to avoid joint strain.|Use steady breathing to stay relaxed and coordinated.|Hydrate and take breaks as needed.,,,,,,19-sprout.png,,,,,,false,true,true
190-cowboy,190 Cowboy,Illustrated 190 Cowboy position with comfort-first guidance.,"Confirm mutual consent and boundaries before starting.
Choose a stable, comfortable surface and add support cushions if needed.
Align your bodies slowly and adjust angles for comfort and stability.
Pause to check in and stop immediately if there is pain or discomfort.",positions,intermediate,medium,some,positions|190|cowboy,Encourages communication and teamwork between partners.|Can be adapted with props for comfort and accessibility.,Move slowly at first and adjust posture to avoid joint strain.|Use steady breathing to stay relaxed and coordinated.|Hydrate and take breaks as needed.,,,,,,190-cowboy.png,,,,,,false,true,true
191-liana,191 Liana,Illustrated 191 Liana position with comfort-first guidance.,"Confirm mutual consent and boundaries before starting.
Choose a stable, comfortable surface and add support cushions if needed.
Align your bodies slowly and adjust angles for comfort and stability.
Pause to check in and stop immediately if there is pain or discomfort.",positions,intermediate,medium,some,positions|191|liana,Encourages communication and teamwork between partners.|Can be adapted with props for comfort and accessibility.,Move slowly at first and adjust posture to avoid joint strain.|Use steady breathing to stay relaxed and coordinated.|Hydrate and take breaks as needed.,,,,,,191-liana.png,,,,,,false,true,true
192-dragon,192 Dragon,Illustrated 192 Dragon position with comfort-first guidance.,"Confirm mutual consent and boundaries before starting.
Choose a stable, comfortable surface and add support cushions if needed.
Align your bodies slowly and adjust angles for comfort and stability.
Pause to check in and stop immediately if there is pain or discomfort.",positions,intermediate,medium,some,positions|192|dragon,Encourages communication and teamwork between partners.|Can be adapted with props for comfort and accessibility.,Move slowly at first and adjust posture to avoid joint strain.|Use steady breathing to stay relaxed and coordinated.|Hydrate and take breaks as needed.,,,,,,192-dragon.png,,,,,,false,true,true
193-plumber,193 Plumber,Illustrated 193 Plumber position with comfort-first guidance.,"Confirm mutual consent and boundaries before starting.
Choose a stable, comfortable surface and add support cushions if needed.
Align your bodies slowly and adjust angles for comfort and stability.
Pause to check in and stop immediately if there is pain or discomfort.",positions,intermediate,medium,some,positions|193|plumber,Encourages communication and teamwork between partners.|Can be adapted with props for comfort and accessibility.,Move slowly at first and adjust posture to avoid joint strain.|Use steady breathing to stay relaxed and coordinated.|Hydrate and take breaks as needed.,,,,,,193-plumber.png,,,,,,false,true,true
194-ribbon-reverse-spoon,194 Ribbon (reverse Spoon),Illustrated 194 Ribbon (reverse Spoon) position with comfort-first guidance.,"Confirm mutual consent and boundaries before starting.
Choose a stable, comfortable surface and add support cushions if needed.
Align your bodies slowly and adjust angles for comfort and stability.
Pause to check in and stop immediately if there is pain or discomfort.",positions,intermediate,medium,some,positions|194|ribbon|(reverse|spoon),Encourages communication and teamwork between partners.|Can be adapted with props for comfort and accessibility.,Move slowly at first and adjust posture to avoid joint strain.|Use steady breathing to stay relaxed and coordinated.|Hydrate and take breaks as needed.,,,,,,194-ribbon-(reverse-spoon).png,,,,,,false,true,true
195-bridge,195 Bridge,Illustrated 195 Bridge position with comfort-first guidance.,"Confirm mutual consent and boundaries before starting.
Choose a stable, comfortable surface and add support cushions if needed.
Align your bodies slowly and adjust angles for comfort and stability.
Pause to check in and stop immediately if there is pain or discomfort.",positions,intermediate,medium,some,positions|195|bridge,Encourages communication and teamwork between partners.|Can be adapted with props for comfort and accessibility.,Move slowly at first and adjust posture to avoid joint strain.|Use steady breathing to stay relaxed and coordinated.|Hydrate and take breaks as needed.,,,,,,195-bridge.png,,,,,,false,true,true
196-airplane,196 Airplane,Illustrated 196 Airplane position with comfort-first guidance.,"Confirm mutual consent and boundaries before starting.
Choose a stable, comfortable surface and add support cushions if needed.
Align your bodies slowly and adjust angles for comfort and stability.
Pause to check in and stop immediately if there is pain or discomfort.",positions,intermediate,medium,some,positions|196|airplane,Encourages communication and teamwork between partners.|Can be adapted with props for comfort and accessibility.,Move slowly at first and adjust posture to avoid joint strain.|Use steady breathing to stay relaxed and coordinated.|Hydrate and take breaks as needed.,,,,,,196-airplane.png,,,,,,false,true,true
197-spider-monkey,197 Spider Monkey,Illustrated 197 Spider Monkey position with comfort-first guidance.,"Confirm mutual consent and boundaries before starting.
Choose a stable, comfortable surface and add support cushions if needed.
Align your bodies slowly and adjust angles for comfort and stability.
Pause to check in and stop immediately if there is pain or discomfort.",positions,intermediate,medium,some,positions|197|spider|monkey,Encourages communication and teamwork between partners.|Can be adapted with props for comfort and accessibility.,Move slowly at first and adjust posture to avoid joint strain.|Use steady breathing to stay relaxed and coordinated.|Hydrate and take breaks as needed.,,,,,,197-spider-monkey.png,,,,,,false,true,true
198-leopard,198 Leopard,Illustrated 198 Leopard position with comfort-first guidance.,"Confirm mutual consent and boundaries before starting.
Choose a stable, comfortable surface and add support cushions if needed.
Align your bodies slowly and adjust angles for comfort and stability.
Pause to check in and stop immediately if there is pain or discomfort.",positions,intermediate,medium,some,positions|198|leopard,Encourages communication and teamwork between partners.|Can be adapted with props for comfort and accessibility.,Move slowly at first and adjust posture to avoid joint strain.|Use steady breathing to stay relaxed and coordinated.|Hydrate and take breaks as needed.,,,,,,198-leopard.png,,,,,,false,true,true
199-nirvana,199 Nirvana,Illustrated 199 Nirvana position with comfort-first guidance.,"Confirm mutual consent and boundaries before starting.
Choose a stable, comfortable surface and add support cushions if needed.
Align your bodies slowly and adjust angles for comfort and stability.
Pause to check in and stop immediately if there is pain or discomfort.",positions,intermediate,medium,some,positions|199|nirvana,Encourages communication and teamwork between partners.|Can be adapted with props for comfort and accessibility.,Move slowly at first and adjust posture to avoid joint strain.|Use steady breathing to stay relaxed and coordinated.|Hydrate and take breaks as needed.,,,,,,199-nirvana.png,,,,,,false,true,true
2-mermaid,2 Mermaid,Illustrated 2 Mermaid position with comfort-first guidance.,"Confirm mutual consent and boundaries before starting.
Choose a stable, comfortable surface and add support cushions if needed.
Align your bodies slowly and adjust angles for comfort and stability.
Pause to check in and stop immediately if there is pain or discomfort.",positions,intermediate,medium,some,positions|mermaid,Encourages communication and teamwork between partners.|Can be adapted with props for comfort and accessibility.,Move slowly at first and adjust posture to avoid joint strain.|Use steady breathing to stay relaxed and coordinated.|Hydrate and take breaks as needed.,,,,,,2-mermaid.png,,,,,,false,true,true
20-wall,20 Wall,Illustrated 20 Wall position with comfort-first guidance.,"Confirm mutual consent and boundaries before starting.
Choose a stable, comfortable surface and add support cushions if needed.
Align your bodies slowly and adjust angles for comfort and stability.
Pause to check in and stop immediately if there is pain or discomfort.",positions,intermediate,medium,some,positions|20|wall,Encourages communication and teamwork between partners.|Can be adapted with props for comfort and accessibility.,Move slowly at first and adjust posture to avoid joint strain.|Use steady breathing to stay relaxed and coordinated.|Hydrate and take breaks as needed.,,,,,,20-wall.png,,,,,,false,true,true
200-taurus,200 Taurus,Illustrated 200 Taurus position with comfort-first guidance.,"Confirm mutual consent and boundaries before starting.
Choose a stable, comfortable surface and add support cushions if needed.
Align your bodies slowly and adjust angles for comfort and stability.
Pause to check in and stop immediately if there is pain or discomfort.",positions,intermediate,medium,some,positions|200|taurus,Encourages communication and teamwork between partners.|Can be adapted with props for comfort and accessibility.,Move slowly at first and adjust posture to avoid joint strain.|Use steady breathing to stay relaxed and coordinated.|Hydrate and take breaks as needed.,,,,,,200-taurus.png,,,,,,false,true,true
201-fan,201 Fan,Illustrated 201 Fan position with comfort-first guidance.,"Confirm mutual consent and boundaries before starting.
Choose a stable, comfortable surface and add support cushions if needed.
Align your bodies slowly and adjust angles for comfort and stability.
Pause to check in and stop immediately if there is pain or discomfort.",positions,intermediate,medium,some,positions|201|fan,Encourages communication and teamwork between partners.|Can be adapted with props for comfort and accessibility.,Move slowly at first and adjust posture to avoid joint strain.|Use steady breathing to stay relaxed and coordinated.|Hydrate and take breaks as needed.,,,,,,201-fan.png,,,,,,false,true,true
202-pisces,202 Pisces,Illustrated 202 Pisces position with comfort-first guidance.,"Confirm mutual consent and boundaries before starting.
Choose a stable, comfortable surface and add support cushions if needed.
Align your bodies slowly and adjust angles for comfort and stability.
Pause to check in and stop immediately if there is pain or discomfort.",positions,intermediate,medium,some,positions|202|pisces,Encourages communication and teamwork between partners.|Can be adapted with props for comfort and accessibility.,Move slowly at first and adjust posture to avoid joint strain.|Use steady breathing to stay relaxed and coordinated.|Hydrate and take breaks as needed.,,,,,,202-pisces.png,,,,,,false,true,true
203-jackhammer,203 Jackhammer,Illustrated 203 Jackhammer position with comfort-first guidance.,"Confirm mutual consent and boundaries before starting.
Choose a stable, comfortable surface and add support cushions if needed.
Align your bodies slowly and adjust angles for comfort and stability.
Pause to check in and stop immediately if there is pain or discomfort.",positions,intermediate,medium,some,positions|203|jackhammer,Encourages communication and teamwork between partners.|Can be adapted with props for comfort and accessibility.,Move slowly at first and adjust posture to avoid joint strain.|Use steady breathing to stay relaxed and coordinated.|Hydrate and take breaks as needed.,,,,,,203-jackhammer.png,,,,,,false,true,true
204-t-square,204 T Square,Illustrated 204 T Square position with comfort-first guidance.,"Confirm mutual consent and boundaries before starting.
Choose a stable, comfortable surface and add support cushions if needed.
Align your bodies slowly and adjust angles for comfort and stability.
Pause to check in and stop immediately if there is pain or discomfort.",positions,intermediate,medium,some,positions|204|square,Encourages communication and teamwork between partners.|Can be adapted with props for comfort and accessibility.,Move slowly at first and adjust posture to avoid joint strain.|Use steady breathing to stay relaxed and coordinated.|Hydrate and take breaks as needed.,,,,,,204-t-square.png,,,,,,false,true,true
205-puzzle,205 Puzzle,Illustrated 205 Puzzle position with comfort-first guidance.,"Confirm mutual consent and boundaries before starting.
Choose a stable, comfortable surface and add support cushions if needed.
Align your bodies slowly and adjust angles for comfort and stability.
Pause to check in and stop immediately if there is pain or discomfort.",positions,intermediate,medium,some,positions|205|puzzle,Encourages communication and teamwork between partners.|Can be adapted with props for comfort and accessibility.,Move slowly at first and adjust posture to avoid joint strain.|Use steady breathing to stay relaxed and coordinated.|Hydrate and take breaks as needed.,,,,,,205-puzzle.png,,,,,,false,true,true
206-crucifixion,206 Crucifixion,Illustrated 206 Crucifixion position with comfort-first guidance.,"Confirm mutual consent and boundaries before starting.
Choose a stable, comfortable surface and add support cushions if needed.
Align your bodies slowly and adjust angles for comfort and stability.
Pause to check in and stop immediately if there is pain or discomfort.",positions,intermediate,medium,some,positions|206|crucifixion,Encourages communication and teamwork between partners.|Can be adapted with props for comfort and accessibility.,Move slowly at first and adjust posture to avoid joint strain.|Use steady breathing to stay relaxed and coordinated.|Hydrate and take breaks as needed.,,,,,,206-crucifixion.png,,,,,,false,true,true
207-piledriver,207 Piledriver,Illustrated 207 Piledriver position with comfort-first guidance.,"Confirm mutual consent and boundaries before starting.
Choose a stable, comfortable surface and add support cushions if needed.
Align your bodies slowly and adjust angles for comfort and stability.
Pause to check in and stop immediately if there is pain or discomfort.",positions,intermediate,medium,some,positions|207|piledriver,Encourages communication and teamwork between partners.|Can be adapted with props for comfort and accessibility.,Move slowly at first and adjust posture to avoid joint strain.|Use steady breathing to stay relaxed and coordinated.|Hydrate and take breaks as needed.,,,,,,207-piledriver.png,,,,,,false,true,true
208-cello,208 Cello,Illustrated 208 Cello position with comfort-first guidance.,"Confirm mutual consent and boundaries before starting.
Choose a stable, comfortable surface and add support cushions if needed.
Align your bodies slowly and adjust angles for comfort and stability.
Pause to check in and stop immediately if there is pain or discomfort.",positions,intermediate,medium,some,positions|208|cello,Encourages communication and teamwork between partners.|Can be adapted with props for comfort and accessibility.,Move slowly at first and adjust posture to avoid joint strain.|Use steady breathing to stay relaxed and coordinated.|Hydrate and take breaks as needed.,,,,,,208-cello.png,,,,,,false,true,true
209-captain,209 Captain,Illustrated 209 Captain position with comfort-first guidance.,"Confirm mutual consent and boundaries before starting.
Choose a stable, comfortable surface and add support cushions if needed.
Align your bodies slowly and adjust angles for comfort and stability.
Pause to check in and stop immediately if there is pain or discomfort.",positions,intermediate,medium,some,positions|209|captain,Encourages communication and teamwork between partners.|Can be adapted with props for comfort and accessibility.,Move slowly at first and adjust posture to avoid joint strain.|Use steady breathing to stay relaxed and coordinated.|Hydrate and take breaks as needed.,,,,,,209-captain.png,,,,,,false,true,true
21-speed-bump,21 Speed Bump,Illustrated 21 Speed Bump position with comfort-first guidance.,"Confirm mutual consent and boundaries before starting.
Choose a stable, comfortable surface and add support cushions if needed.
Align your bodies slowly and adjust angles for comfort and stability.
Pause to check in and stop immediately if there is pain or discomfort.",positions,intermediate,medium,some,positions|21|speed|bump,Encourages communication and teamwork between partners.|Can be adapted with props for comfort and accessibility.,Move slowly at first and adjust posture to avoid joint strain.|Use steady breathing to stay relaxed and coordinated.|Hydrate and take breaks as needed.,,,,,,21-speed-bump.png,,,,,,false,true,true
210-prison-guard,210 Prison Guard,Illustrated 210 Prison Guard position with comfort-first guidance.,"Confirm mutual consent and boundaries before starting.
Choose a stable, comfortable surface and add support cushions if needed.
Align your bodies slowly and adjust angles for comfort and stability.
Pause to check in and stop immediately if there is pain or discomfort.",positions,intermediate,medium,some,positions|210|prison|guard,Encourages communication and teamwork between partners.|Can be adapted with props for comfort and accessibility.,Move slowly at first and adjust posture to avoid joint strain.|Use steady breathing to stay relaxed and coordinated.|Hydrate and take breaks as needed.,,,,,,210-prison-guard.png,,,,,,false,true,true
211-emperor,211 Emperor,Illustrated 211 Emperor position with comfort-first guidance.,"Confirm mutual consent and boundaries before starting.
Choose a stable, comfortable surface and add support cushions if needed.
Align your bodies slowly and adjust angles for comfort and stability.
Pause to check in and stop immediately if there is pain or discomfort.",positions,intermediate,medium,some,positions|211|emperor,Encourages communication and teamwork between partners.|Can be adapted with props for comfort and accessibility.,Move slowly at first and adjust posture to avoid joint strain.|Use steady breathing to stay relaxed and coordinated.|Hydrate and take breaks as needed.,,,,,,211-emperor.png,,,,,,false,true,true
212-virgo,212 Virgo,Illustrated 212 Virgo position with comfort-first guidance.,"Confirm mutual consent and boundaries before starting.
Choose a stable, comfortable surface and add support cushions if needed.
Align your bodies slowly and adjust angles for comfort and stability.
Pause to check in and stop immediately if there is pain or discomfort.",positions,intermediate,medium,some,positions|212|virgo,Encourages communication and teamwork between partners.|Can be adapted with props for comfort and accessibility.,Move slowly at first and adjust posture to avoid joint strain.|Use steady breathing to stay relaxed and coordinated.|Hydrate and take breaks as needed.,,,,,,212-virgo.png,,,,,,false,true,true
213-staff,213 Staff,Illustrated 213 Staff position with comfort-first guidance.,"Confirm mutual consent and boundaries before starting.
Choose a stable, comfortable surface and add support cushions if needed.
Align your bodies slowly and adjust angles for comfort and stability.
Pause to check in and stop immediately if there is pain or discomfort.",positions,intermediate,medium,some,positions|213|staff,Encourages communication and teamwork between partners.|Can be adapted with props for comfort and accessibility.,Move slowly at first and adjust posture to avoid joint strain.|Use steady breathing to stay relaxed and coordinated.|Hydrate and take breaks as needed.,,,,,,213-staff.png,,,,,,false,true,true
214-unicorn,214 Unicorn,Illustrated 214 Unicorn position with comfort-first guidance.,"Confirm mutual consent and boundaries before starting.
Choose a stable, comfortable surface and add support cushions if needed.
Align your bodies slowly and adjust angles for comfort and stability.
Pause to check in and stop immediately if there is pain or discomfort.",positions,intermediate,medium,some,positions|214|unicorn,Encourages communication and teamwork between partners.|Can be adapted with props for comfort and accessibility.,Move slowly at first and adjust posture to avoid joint strain.|Use steady breathing to stay relaxed and coordinated.|Hydrate and take breaks as needed.,,,,,,214-unicorn.png,,,,,,false,true,true
215-cradle,215 Cradle,Illustrated 215 Cradle position with comfort-first guidance.,"Confirm mutual consent and boundaries before starting.
Choose a stable, comfortable surface and add support cushions if needed.
Align your bodies slowly and adjust angles for comfort and stability.
Pause to check in and stop immediately if there is pain or discomfort.",positions,intermediate,medium,some,positions|215|cradle,Encourages communication and teamwork between partners.|Can be adapted with props for comfort and accessibility.,Move slowly at first and adjust posture to avoid joint strain.|Use steady breathing to stay relaxed and coordinated.|Hydrate and take breaks as needed.,,,,,,215-cradle.png,,,,,,false,true,true
216-watch,216 Watch,Illustrated 216 Watch position with comfort-first guidance.,"Confirm mutual consent and boundaries before starting.
Choose a stable, comfortable surface and add support cushions if needed.
Align your bodies slowly and adjust angles for comfort and stability.
Pause to check in and stop immediately if there is pain or discomfort.",positions,intermediate,medium,some,positions|216|watch,Encourages communication and teamwork between partners.|Can be adapted with props for comfort and accessibility.,Move slowly at first and adjust posture to avoid joint strain.|Use steady breathing to stay relaxed and coordinated.|Hydrate and take breaks as needed.,,,,,,216-watch.png,,,,,,false,true,true
217-python,217 Python,Illustrated 217 Python position with comfort-first guidance.,"Confirm mutual consent and boundaries before starting.
Choose a stable, comfortable surface and add support cushions if needed.
Align your bodies slowly and adjust angles for comfort and stability.
Pause to check in and stop immediately if there is pain or discomfort.",positions,intermediate,medium,some,positions|217|python,Encourages communication and teamwork between partners.|Can be adapted with props for comfort and accessibility.,Move slowly at first and adjust posture to avoid joint strain.|Use steady breathing to stay relaxed and coordinated.|Hydrate and take breaks as needed.,,,,,,217-python.png,,,,,,false,true,true
218-corkscrew,218 Corkscrew,Illustrated 218 Corkscrew position with comfort-first guidance.,"Confirm mutual consent and boundaries before starting.
Choose a stable, comfortable surface and add support cushions if needed.
Align your bodies slowly and adjust angles for comfort and stability.
Pause to check in and stop immediately if there is pain or discomfort.",positions,intermediate,medium,some,positions|218|corkscrew,Encourages communication and teamwork between partners.|Can be adapted with props for comfort and accessibility.,Move slowly at first and adjust posture to avoid joint strain.|Use steady breathing to stay relaxed and coordinated.|Hydrate and take breaks as needed.,,,,,,218-corkscrew.png,,,,,,false,true,true
219-caramel,219 Caramel,Illustrated 219 Caramel position with comfort-first guidance.,"Confirm mutual consent and boundaries before starting.
Choose a stable, comfortable surface and add support cushions if needed.
Align your bodies slowly and adjust angles for comfort and stability.
Pause to check in and stop immediately if there is pain or discomfort.",positions,intermediate,medium,some,positions|219|caramel,Encourages communication and teamwork between partners.|Can be adapted with props for comfort and accessibility.,Move slowly at first and adjust posture to avoid joint strain.|Use steady breathing to stay relaxed and coordinated.|Hydrate and take breaks as needed.,,,,,,219-caramel.png,,,,,,false,true,true
22-indian-style,22 Indian Style,Illustrated 22 Indian Style position with comfort-first guidance.,"Confirm mutual consent and boundaries before starting.
Choose a stable, comfortable surface and add support cushions if needed.
Align your bodies slowly and adjust angles for comfort and stability.
Pause to check in and stop immediately if there is pain or discomfort.",positions,intermediate,medium,some,positions|22|indian|style,Encourages communication and teamwork between partners.|Can be adapted with props for comfort and accessibility.,Move slowly at first and adjust posture to avoid joint strain.|Use steady breathing to stay relaxed and coordinated.|Hydrate and take breaks as needed.,,,,,,22-indian-style.png,,,,,,false,true,true
220-bicycle,220 Bicycle,Illustrated 220 Bicycle position with comfort-first guidance.,"Confirm mutual consent and boundaries before starting.
Choose a stable, comfortable surface and add support cushions if needed.
Align your bodies slowly and adjust angles for comfort and stability.
Pause to check in and stop immediately if there is pain or discomfort.",positions,intermediate,medium,some,positions|220|bicycle,Encourages communication and teamwork between partners.|Can be adapted with props for comfort and accessibility.,Move slowly at first and adjust posture to avoid joint strain.|Use steady breathing to stay relaxed and coordinated.|Hydrate and take breaks as needed.,,,,,,220-bicycle.png,,,,,,false,true,true
221-helicopter,221 Helicopter,Illustrated 221 Helicopter position with comfort-first guidance.,"Confirm mutual consent and boundaries before starting.
Choose a stable, comfortable surface and add support cushions if needed.
Align your bodies slowly and adjust angles for comfort and stability.
Pause to check in and stop immediately if there is pain or discomfort.",positions,intermediate,medium,some,positions|221|helicopter,Encourages communication and teamwork between partners.|Can be adapted with props for comfort and accessibility.,Move slowly at first and adjust posture to avoid joint strain.|Use steady breathing to stay relaxed and coordinated.|Hydrate and take breaks as needed.,,,,,,221-helicopter.png,,,,,,false,true,true
222-orchid,222 Orchid,Illustrated 222 Orchid position with comfort-first guidance.,"Confirm mutual consent and boundaries before starting.
Choose a stable, comfortable surface and add support cushions if needed.
Align your bodies slowly and adjust angles for comfort and stability.
Pause to check in and stop immediately if there is pain or discomfort.",positions,intermediate,medium,some,positions|222|orchid,Encourages communication and teamwork between partners.|Can be adapted with props for comfort and accessibility.,Move slowly at first and adjust posture to avoid joint strain.|Use steady breathing to stay relaxed and coordinated.|Hydrate and take breaks as needed.,,,,,,222-orchid.png,,,,,,false,true,true
223-zeus,223 Zeus,Illustrated 223 Zeus position with comfort-first guidance.,"Confirm mutual consent and boundaries before starting.
Choose a stable, comfortable surface and add support cushions if needed.
Align your bodies slowly and adjust angles for comfort and stability.
Pause to check in and stop immediately if there is pain or discomfort.",positions,intermediate,medium,some,positions|223|zeus,Encourages communication and teamwork between partners.|Can be adapted with props for comfort and accessibility.,Move slowly at first and adjust posture to avoid joint strain.|Use steady breathing to stay relaxed and coordinated.|Hydrate and take breaks as needed.,,,,,,223-zeus.png,,,,,,false,true,true
224-scissor,224 Scissor,Illustrated 224 Scissor position with comfort-first guidance.,"Confirm mutual consent and boundaries before starting.
Choose a stable, comfortable surface and add support cushions if needed.
Align your bodies slowly and adjust angles for comfort and stability.
Pause to check in and stop immediately if there is pain or discomfort.",positions,intermediate,medium,some,positions|224|scissor,Encourages communication and teamwork between partners.|Can be adapted with props for comfort and accessibility.,Move slowly at first and adjust posture to avoid joint strain.|Use steady breathing to stay relaxed and coordinated.|Hydrate and take breaks as needed.,,,,,,224-scissor.png,,,,,,false,true,true
225-elephant,225 Elephant,Illustrated 225 Elephant position with comfort-first guidance.,"Confirm mutual consent and boundaries before starting.
Choose a stable, comfortable surface and add support cushions if needed.
Align your bodies slowly and adjust angles for comfort and stability.
Pause to check in and stop immediately if there is pain or discomfort.",positions,intermediate,medium,some,positions|225|elephant,Encourages communication and teamwork between partners.|Can be adapted with props for comfort and accessibility.,Move slowly at first and adjust posture to avoid joint strain.|Use steady breathing to stay relaxed and coordinated.|Hydrate and take breaks as needed.,,,,,,225-elephant.png,,,,,,false,true,true
226-london-bridge,226 London Bridge,Illustrated 226 London Bridge position with comfort-first guidance.,"Confirm mutual consent and boundaries before starting.
Choose a stable, comfortable surface and add support cushions if needed.
Align your bodies slowly and adjust angles for comfort and stability.
Pause to check in and stop immediately if there is pain or discomfort.",positions,intermediate,medium,some,positions|226|london|bridge,Encourages communication and teamwork between partners.|Can be adapted with props for comfort and accessibility.,Move slowly at first and adjust posture to avoid joint strain.|Use steady breathing to stay relaxed and coordinated.|Hydrate and take breaks as needed.,,,,,,226-london-bridge.png,,,,,,false,true,true
227-spiderman,227 Spiderman,Illustrated 227 Spiderman position with comfort-first guidance.,"Confirm mutual consent and boundaries before starting.
Choose a stable, comfortable surface and add support cushions if needed.
Align your bodies slowly and adjust angles for comfort and stability.
Pause to check in and stop immediately if there is pain or discomfort.",positions,intermediate,medium,some,positions|227|spiderman,Encourages communication and teamwork between partners.|Can be adapted with props for comfort and accessibility.,Move slowly at first and adjust posture to avoid joint strain.|Use steady breathing to stay relaxed and coordinated.|Hydrate and take breaks as needed.,,,,,,227-spiderman.png,,,,,,false,true,true
228-spring,228 Spring,Illustrated 228 Spring position with comfort-first guidance.,"Confirm mutual consent and boundaries before starting.
Choose a stable, comfortable surface and add support cushions if needed.
Align your bodies slowly and adjust angles for comfort and stability.
Pause to check in and stop immediately if there is pain or discomfort.",positions,intermediate,medium,some,positions|228|spring,Encourages communication and teamwork between partners.|Can be adapted with props for comfort and accessibility.,Move slowly at first and adjust posture to avoid joint strain.|Use steady breathing to stay relaxed and coordinated.|Hydrate and take breaks as needed.,,,,,,228-spring.png,,,,,,false,true,true
229-eiffel-tower,229 Eiffel Tower,Illustrated 229 Eiffel Tower position with comfort-first guidance.,"Confirm mutual consent and boundaries before starting.
Choose a stable, comfortable surface and add support cushions if needed.
Align your bodies slowly and adjust angles for comfort and stability.
Pause to check in and stop immediately if there is pain or discomfort.",positions,intermediate,medium,some,positions|229|eiffel|tower,Encourages communication and teamwork between partners.|Can be adapted with props for comfort and accessibility.,Move slowly at first and adjust posture to avoid joint strain.|Use steady breathing to stay relaxed and coordinated.|Hydrate and take breaks as needed.,,,,,,229-eiffel-tower.png,,,,,,false,true,true
23-book,23 Book,Illustrated 23 Book position with comfort-first guidance.,"Confirm mutual consent and boundaries before starting.
Choose a stable, comfortable surface and add support cushions if needed.
Align your bodies slowly and adjust angles for comfort and stability.
Pause to check in and stop immediately if there is pain or discomfort.",positions,intermediate,medium,some,positions|23|book,Encourages communication and teamwork between partners.|Can be adapted with props for comfort and accessibility.,Move slowly at first and adjust posture to avoid joint strain.|Use steady breathing to stay relaxed and coordinated.|Hydrate and take breaks as needed.,,,,,,23-book.png,,,,,,false,true,true
230-downward-dog,230 Downward Dog,Illustrated 230 Downward Dog position with comfort-first guidance.,"Confirm mutual consent and boundaries before starting.
Choose a stable, comfortable surface and add support cushions if needed.
Align your bodies slowly and adjust angles for comfort and stability.
Pause to check in and stop immediately if there is pain or discomfort.",positions,intermediate,medium,some,positions|230|downward|dog,Encourages communication and teamwork between partners.|Can be adapted with props for comfort and accessibility.,Move slowly at first and adjust posture to avoid joint strain.|Use steady breathing to stay relaxed and coordinated.|Hydrate and take breaks as needed.,,,,,,230-downward-dog.png,,,,,,false,true,true
231-lace,231 Lace,Illustrated 231 Lace position with comfort-first guidance.,"Confirm mutual consent and boundaries before starting.
Choose a stable, comfortable surface and add support cushions if needed.
Align your bodies slowly and adjust angles for comfort and stability.
Pause to check in and stop immediately if there is pain or discomfort.",positions,intermediate,medium,some,positions|231|lace,Encourages communication and teamwork between partners.|Can be adapted with props for comfort and accessibility.,Move slowly at first and adjust posture to avoid joint strain.|Use steady breathing to stay relaxed and coordinated.|Hydrate and take breaks as needed.,,,,,,231-lace.png,,,,,,false,true,true
232-fire-hydrant,232 Fire Hydrant,Illustrated 232 Fire Hydrant position with comfort-first guidance.,"Confirm mutual consent and boundaries before starting.
Choose a stable, comfortable surface and add support cushions if needed.
Align your bodies slowly and adjust angles for comfort and stability.
Pause to check in and stop immediately if there is pain or discomfort.",positions,intermediate,medium,some,positions|232|fire|hydrant,Encourages communication and teamwork between partners.|Can be adapted with props for comfort and accessibility.,Move slowly at first and adjust posture to avoid joint strain.|Use steady breathing to stay relaxed and coordinated.|Hydrate and take breaks as needed.,,,,,,232-fire-hydrant.png,,,,,,false,true,true
233-spork,233 Spork,Illustrated 233 Spork position with comfort-first guidance.,"Confirm mutual consent and boundaries before starting.
Choose a stable, comfortable surface and add support cushions if needed.
Align your bodies slowly and adjust angles for comfort and stability.
Pause to check in and stop immediately if there is pain or discomfort.",positions,intermediate,medium,some,positions|233|spork,Encourages communication and teamwork between partners.|Can be adapted with props for comfort and accessibility.,Move slowly at first and adjust posture to avoid joint strain.|Use steady breathing to stay relaxed and coordinated.|Hydrate and take breaks as needed.,,,,,,233-spork.png,,,,,,false,true,true
234-torch,234 Torch,Illustrated 234 Torch position with comfort-first guidance.,"Confirm mutual consent and boundaries before starting.
Choose a stable, comfortable surface and add support cushions if needed.
Align your bodies slowly and adjust angles for comfort and stability.
Pause to check in and stop immediately if there is pain or discomfort.",positions,intermediate,medium,some,positions|234|torch,Encourages communication and teamwork between partners.|Can be adapted with props for comfort and accessibility.,Move slowly at first and adjust posture to avoid joint strain.|Use steady breathing to stay relaxed and coordinated.|Hydrate and take breaks as needed.,,,,,,234-torch.png,,,,,,false,true,true
235-leapfrog,235 Leapfrog,Illustrated 235 Leapfrog position with comfort-first guidance.,"Confirm mutual consent and boundaries before starting.
Choose a stable, comfortable surface and add support cushions if needed.
Align your bodies slowly and adjust angles for comfort and stability.
Pause to check in and stop immediately if there is pain or discomfort.",positions,intermediate,medium,some,positions|235|leapfrog,Encourages communication and teamwork between partners.|Can be adapted with props for comfort and accessibility.,Move slowly at first and adjust posture to avoid joint strain.|Use steady breathing to stay relaxed and coordinated.|Hydrate and take breaks as needed.,,,,,,235-leapfrog.png,,,,,,false,true,true
236-concubine,236 Concubine,Illustrated 236 Concubine position with comfort-first guidance.,"Confirm mutual consent and boundaries before starting.
Choose a stable, comfortable surface and add support cushions if needed.
Align your bodies slowly and adjust angles for comfort and stability.
Pause to check in and stop immediately if there is pain or discomfort.",positions,intermediate,medium,some,positions|236|concubine,Encourages communication and teamwork between partners.|Can be adapted with props for comfort and accessibility.,Move slowly at first and adjust posture to avoid joint strain.|Use steady breathing to stay relaxed and coordinated.|Hydrate and take breaks as needed.,,,,,,236-concubine.png,,,,,,false,true,true
237-hot-lunch,237 Hot Lunch,Illustrated 237 Hot Lunch position with comfort-first guidance.,"Confirm mutual consent and boundaries before starting.
Choose a stable, comfortable surface and add support cushions if needed.
Align your bodies slowly and adjust angles for comfort and stability.
Pause to check in and stop immediately if there is pain or discomfort.",positions,intermediate,medium,some,positions|237|hot|lunch,Encourages communication and teamwork between partners.|Can be adapted with props for comfort and accessibility.,Move slowly at first and adjust posture to avoid joint strain.|Use steady breathing to stay relaxed and coordinated.|Hydrate and take breaks as needed.,,,,,,237-hot-lunch.png,,,,,,false,true,true
238-clock,238 Clock,Illustrated 238 Clock position with comfort-first guidance.,"Confirm mutual consent and boundaries before starting.
Choose a stable, comfortable surface and add support cushions if needed.
Align your bodies slowly and adjust angles for comfort and stability.
Pause to check in and stop immediately if there is pain or discomfort.",positions,intermediate,medium,some,positions|238|clock,Encourages communication and teamwork between partners.|Can be adapted with props for comfort and accessibility.,Move slowly at first and adjust posture to avoid joint strain.|Use steady breathing to stay relaxed and coordinated.|Hydrate and take breaks as needed.,,,,,,238-clock.png,,,,,,false,true,true
239-fusion,239 Fusion,Illustrated 239 Fusion position with comfort-first guidance.,"Confirm mutual consent and boundaries before starting.
Choose a stable, comfortable surface and add support cushions if needed.
Align your bodies slowly and adjust angles for comfort and stability.
Pause to check in and stop immediately if there is pain or discomfort.",positions,intermediate,medium,some,positions|239|fusion,Encourages communication and teamwork between partners.|Can be adapted with props for comfort and accessibility.,Move slowly at first and adjust posture to avoid joint strain.|Use steady breathing to stay relaxed and coordinated.|Hydrate and take breaks as needed.,,,,,,239-fusion.png,,,,,,false,true,true
24-gorge,24 Gorge,Illustrated 24 Gorge position with comfort-first guidance.,"Confirm mutual consent and boundaries before starting.
Choose a stable, comfortable surface and add support cushions if needed.
Align your bodies slowly and adjust angles for comfort and stability.
Pause to check in and stop immediately if there is pain or discomfort.",positions,intermediate,medium,some,positions|24|gorge,Encourages communication and teamwork between partners.|Can be adapted with props for comfort and accessibility.,Move slowly at first and adjust posture to avoid joint strain.|Use steady breathing to stay relaxed and coordinated.|Hydrate and take breaks as needed.,,,,,,24-gorge.png,,,,,,false,true,true
240-lotus-flower,240 Lotus Flower,Illustrated 240 Lotus Flower position with comfort-first guidance.,"Confirm mutual consent and boundaries before starting.
Choose a stable, comfortable surface and add support cushions if needed.
Align your bodies slowly and adjust angles for comfort and stability.
Pause to check in and stop immediately if there is pain or discomfort.",positions,intermediate,medium,some,positions|240|lotus|flower,Encourages communication and teamwork between partners.|Can be adapted with props for comfort and accessibility.,Move slowly at first and adjust posture to avoid joint strain.|Use steady breathing to stay relaxed and coordinated.|Hydrate and take breaks as needed.,,,,,,240-lotus-flower.png,,,,,,false,true,true
241-wheelbarrow,241 Wheelbarrow,Illustrated 241 Wheelbarrow position with comfort-first guidance.,"Confirm mutual consent and boundaries before starting.
Choose a stable, comfortable surface and add support cushions if needed.
Align your bodies slowly and adjust angles for comfort and stability.
Pause to check in and stop immediately if there is pain or discomfort.",positions,intermediate,medium,some,positions|241|wheelbarrow,Encourages communication and teamwork between partners.|Can be adapted with props for comfort and accessibility.,Move slowly at first and adjust posture to avoid joint strain.|Use steady breathing to stay relaxed and coordinated.|Hydrate and take breaks as needed.,,,,,,241-wheelbarrow.png,,,,,,false,true,true
242-gemini,242 Gemini,Illustrated 242 Gemini position with comfort-first guidance.,"Confirm mutual consent and boundaries before starting.
Choose a stable, comfortable surface and add support cushions if needed.
Align your bodies slowly and adjust angles for comfort and stability.
Pause to check in and stop immediately if there is pain or discomfort.",positions,intermediate,medium,some,positions|242|gemini,Encourages communication and teamwork between partners.|Can be adapted with props for comfort and accessibility.,Move slowly at first and adjust posture to avoid joint strain.|Use steady breathing to stay relaxed and coordinated.|Hydrate and take breaks as needed.,,,,,,242-gemini.png,,,,,,false,true,true
243-plow,243 Plow,Illustrated 243 Plow position with comfort-first guidance.,"Confirm mutual consent and boundaries before starting.
Choose a stable, comfortable surface and add support cushions if needed.
Align your bodies slowly and adjust angles for comfort and stability.
Pause to check in and stop immediately if there is pain or discomfort.",positions,intermediate,medium,some,positions|243|plow,Encourages communication and teamwork between partners.|Can be adapted with props for comfort and accessibility.,Move slowly at first and adjust posture to avoid joint strain.|Use steady breathing to stay relaxed and coordinated.|Hydrate and take breaks as needed.,,,,,,243-plow.png,,,,,,false,true,true
244-libra,244 Libra,Illustrated 244 Libra position with comfort-first guidance.,"Confirm mutual consent and boundaries before starting.
Choose a stable, comfortable surface and add support cushions if needed.
Align your bodies slowly and adjust angles for comfort and stability.
Pause to check in and stop immediately if there is pain or discomfort.",positions,intermediate,medium,some,positions|244|libra,Encourages communication and teamwork between partners.|Can be adapted with props for comfort and accessibility.,Move slowly at first and adjust posture to avoid joint strain.|Use steady breathing to stay relaxed and coordinated.|Hydrate and take breaks as needed.,,,,,,244-libra.png,,,,,,false,true,true
245-capricorn,245 Capricorn,Illustrated 245 Capricorn position with comfort-first guidance.,"Confirm mutual consent and boundaries before starting.
Choose a stable, comfortable surface and add support cushions if needed.
Align your bodies slowly and adjust angles for comfort and stability.
Pause to check in and stop immediately if there is pain or discomfort.",positions,intermediate,medium,some,positions|245|capricorn,Encourages communication and teamwork between partners.|Can be adapted with props for comfort and accessibility.,Move slowly at first and adjust posture to avoid joint strain.|Use steady breathing to stay relaxed and coordinated.|Hydrate and take breaks as needed.,,,,,,245-capricorn.png,,,,,,false,true,true
246-ladyboy,246 Ladyboy,Illustrated 246 Ladyboy position with comfort-first guidance.,"Confirm mutual consent and boundaries before starting.
Choose a stable, comfortable surface and add support cushions if needed.
Align your bodies slowly and adjust angles for comfort and stability.
Pause to check in and stop immediately if there is pain or discomfort.",positions,intermediate,medium,some,positions|246|ladyboy,Encourages communication and teamwork between partners.|Can be adapted with props for comfort and accessibility.,Move slowly at first and adjust posture to avoid joint strain.|Use steady breathing to stay relaxed and coordinated.|Hydrate and take breaks as needed.,,,,,,246-ladyboy.png,,,,,,false,true,true
247-japan,247 Japan,Illustrated 247 Japan position with comfort-first guidance.,"Confirm mutual consent and boundaries before starting.
Choose a stable, comfortable surface and add support cushions if needed.
Align your bodies slowly and adjust angles for comfort and stability.
Pause to check in and stop immediately if there is pain or discomfort.",positions,intermediate,medium,some,positions|247|japan,Encourages communication and teamwork between partners.|Can be adapted with props for comfort and accessibility.,Move slowly at first and adjust posture to avoid joint strain.|Use steady breathing to stay relaxed and coordinated.|Hydrate and take breaks as needed.,,,,,,247-japan.png,,,,,,false,true,true
248-legs-on-shoulders,248 Legs On Shoulders,Illustrated 248 Legs On Shoulders position with comfort-first guidance.,"Confirm mutual consent and boundaries before starting.
Choose a stable, comfortable surface and add support cushions if needed.
Align your bodies slowly and adjust angles for comfort and stability.
Pause to check in and stop immediately if there is pain or discomfort.",positions,intermediate,medium,some,positions|248|legs|on|shoulders,Encourages communication and teamwork between partners.|Can be adapted with props for comfort and accessibility.,Move slowly at first and adjust posture to avoid joint strain.|Use steady breathing to stay relaxed and coordinated.|Hydrate and take breaks as needed.,,,,,,248-legs-on-shoulders.png,,,,,,false,true,true
249-mature-lady,249 Mature Lady,Illustrated 249 Mature Lady position with comfort-first guidance.,"Confirm mutual consent and boundaries before starting.
Choose a stable, comfortable surface and add support cushions if needed.
Align your bodies slowly and adjust angles for comfort and stability.
Pause to check in and stop immediately if there is pain or discomfort.",positions,intermediate,medium,some,positions|249|mature|lady,Encourages communication and teamwork between partners.|Can be adapted with props for comfort and accessibility.,Move slowly at first and adjust posture to avoid joint strain.|Use steady breathing to stay relaxed and coordinated.|Hydrate and take breaks as needed.,,,,,,249-mature-lady.png,,,,,,false,true,true
25-sex-slave,25 Sex Slave,Illustrated 25 Sex Slave position with comfort-first guidance.,"Confirm mutual consent and boundaries before starting.
Choose a stable, comfortable surface and add support cushions if needed.
Align your bodies slowly and adjust angles for comfort and stability.
Pause to check in and stop immediately if there is pain or discomfort.",positions,intermediate,medium,some,positions|25|sex|slave,Encourages communication and teamwork between partners.|Can be adapted with props for comfort and accessibility.,Move slowly at first and adjust posture to avoid joint strain.|Use steady breathing to stay relaxed and coordinated.|Hydrate and take breaks as needed.,,,,,,25-sex-slave.png,,,,,,false,true,true
250-superhero,250 Superhero,Illustrated 250 Superhero position with comfort-first guidance.,"Confirm mutual consent and boundaries before starting.
Choose a stable, comfortable surface and add support cushions if needed.
Align your bodies slowly and adjust angles for comfort and stability.
Pause to check in and stop immediately if there is pain or discomfort.",positions,intermediate,medium,some,positions|250|superhero,Encourages communication and teamwork between partners.|Can be adapted with props for comfort and accessibility.,Move slowly at first and adjust posture to avoid joint strain.|Use steady breathing to stay relaxed and coordinated.|Hydrate and take breaks as needed.,,,,,,250-superhero.png,,,,,,false,true,true
251-soft-landing,251 Soft Landing,Illustrated 251 Soft Landing position with comfort-first guidance.,"Confirm mutual consent and boundaries before starting.
Choose a stable, comfortable surface and add support cushions if needed.
Align your bodies slowly and adjust angles for comfort and stability.
Pause to check in and stop immediately if there is pain or discomfort.",positions,intermediate,medium,some,positions|251|soft|landing,Encourages communication and teamwork between partners.|Can be adapted with props for comfort and accessibility.,Move slowly at first and adjust posture to avoid joint strain.|Use steady breathing to stay relaxed and coordinated.|Hydrate and take breaks as needed.,,,,,,251-soft-landing.png,,,,,,false,true,true
252-fifth-element,252 Fifth Element,Illustrated 252 Fifth Element position with comfort-first guidance.,"Confirm mutual consent and boundaries before starting.
Choose a stable, comfortable surface and add support cushions if needed.
Align your bodies slowly and adjust angles for comfort and stability.
Pause to check in and stop immediately if there is pain or discomfort.",positions,intermediate,medium,some,positions|252|fifth|element,Encourages communication and teamwork between partners.|Can be adapted with props for comfort and accessibility.,Move slowly at first and adjust posture to avoid joint strain.|Use steady breathing to stay relaxed and coordinated.|Hydrate and take breaks as needed.,,,,,,252-fifth-element.png,,,,,,false,true,true
253-unique-styles,253 Unique Styles,Illustrated 253 Unique Styles position with comfort-first guidance.,"Confirm mutual consent and boundaries before starting.
Choose a stable, comfortable surface and add support cushions if needed.
Align your bodies slowly and adjust angles for comfort and stability.
Pause to check in and stop immediately if there is pain or discomfort.",positions,intermediate,medium,some,positions|253|unique|styles,Encourages communication and teamwork between partners.|Can be adapted with props for comfort and accessibility.,Move slowly at first and adjust posture to avoid joint strain.|Use steady breathing to stay relaxed and coordinated.|Hydrate and take breaks as needed.,,,,,,253-unique-styles.png,,,,,,false,true,true
254-asteroid,254 Asteroid,Illustrated 254 Asteroid position with comfort-first guidance.,"Confirm mutual consent and boundaries before starting.
Choose a stable, comfortable surface and add support cushions if needed.
Align your bodies slowly and adjust angles for comfort and stability.
Pause to check in and stop immediately if there is pain or discomfort.",positions,intermediate,medium,some,positions|254|asteroid,Encourages communication and teamwork between partners.|Can be adapted with props for comfort and accessibility.,Move slowly at first and adjust posture to avoid joint strain.|Use steady breathing to stay relaxed and coordinated.|Hydrate and take breaks as needed.,,,,,,254-asteroid.png,,,,,,false,true,true
255-rocking-chair,255 Rocking Chair,Illustrated 255 Rocking Chair position with comfort-first guidance.,"Confirm mutual consent and boundaries before starting.
Choose a stable, comfortable surface and add support cushions if needed.
Align your bodies slowly and adjust angles for comfort and stability.
Pause to check in and stop immediately if there is pain or discomfort.",positions,intermediate,medium,some,positions|255|rocking|chair,Encourages communication and teamwork between partners.|Can be adapted with props for comfort and accessibility.,Move slowly at first and adjust posture to avoid joint strain.|Use steady breathing to stay relaxed and coordinated.|Hydrate and take breaks as needed.,,,,,,255-rocking-chair.png,,,,,,false,true,true
256-reverse-doggy,256 Reverse Doggy,Illustrated 256 Reverse Doggy position with comfort-first guidance.,"Confirm mutual consent and boundaries before starting.
Choose a stable, comfortable surface and add support cushions if needed.
Align your bodies slowly and adjust angles for comfort and stability.
Pause to check in and stop immediately if there is pain or discomfort.",positions,intermediate,medium,some,positions|256|reverse|doggy,Encourages communication and teamwork between partners.|Can be adapted with props for comfort and accessibility.,Move slowly at first and adjust posture to avoid joint strain.|Use steady breathing to stay relaxed and coordinated.|Hydrate and take breaks as needed.,,,,,,256-reverse-doggy.png,,,,,,false,true,true
257-hostage,257 Hostage,Illustrated 257 Hostage position with comfort-first guidance.,"Confirm mutual consent and boundaries before starting.
Choose a stable, comfortable surface and add support cushions if needed.
Align your bodies slowly and adjust angles for comfort and stability.
Pause to check in and stop immediately if there is pain or discomfort.",positions,intermediate,medium,some,positions|257|hostage,Encourages communication and teamwork between partners.|Can be adapted with props for comfort and accessibility.,Move slowly at first and adjust posture to avoid joint strain.|Use steady breathing to stay relaxed and coordinated.|Hydrate and take breaks as needed.,,,,,,257-hostage.png,,,,,,false,true,true
258-knot,258 Knot,Illustrated 258 Knot position with comfort-first guidance.,"Confirm mutual consent and boundaries before starting.
Choose a stable, comfortable surface and add support cushions if needed.
Align your bodies slowly and adjust angles for comfort and stability.
Pause to check in and stop immediately if there is pain or discomfort.",positions,intermediate,medium,some,positions|258|knot,Encourages communication and teamwork between partners.|Can be adapted with props for comfort and accessibility.,Move slowly at first and adjust posture to avoid joint strain.|Use steady breathing to stay relaxed and coordinated.|Hydrate and take breaks as needed.,,,,,,258-knot.png,,,,,,false,true,true
259-froggy-style,259 Froggy Style,Illustrated 259 Froggy Style position with comfort-first guidance.,"Confirm mutual consent and boundaries before starting.
Choose a stable, comfortable surface and add support cushions if needed.
Align your bodies slowly and adjust angles for comfort and stability.
Pause to check in and stop immediately if there is pain or discomfort.",positions,intermediate,medium,some,positions|259|froggy|style,Encourages communication and teamwork between partners.|Can be adapted with props for comfort and accessibility.,Move slowly at first and adjust posture to avoid joint strain.|Use steady breathing to stay relaxed and coordinated.|Hydrate and take breaks as needed.,,,,,,259-froggy-style.png,,,,,,false,true,true
26-binding,26 Binding,Illustrated 26 Binding position with comfort-first guidance.,"Confirm mutual consent and boundaries before starting.
Choose a stable, comfortable surface and add support cushions if needed.
Align your bodies slowly and adjust angles for comfort and stability.
Pause to check in and stop immediately if there is pain or discomfort.",positions,intermediate,medium,some,positions|26|binding,Encourages communication and teamwork between partners.|Can be adapted with props for comfort and accessibility.,Move slowly at first and adjust posture to avoid joint strain.|Use steady breathing to stay relaxed and coordinated.|Hydrate and take breaks as needed.,,,,,,26-binding.png,,,,,,false,true,true
260-tight-squeeze,260 Tight Squeeze,Illustrated 260 Tight Squeeze position with comfort-first guidance.,"Confirm mutual consent and boundaries before starting.
Choose a stable, comfortable surface and add support cushions if needed.
Align your bodies slowly and adjust angles for comfort and stability.
Pause to check in and stop immediately if there is pain or discomfort.",positions,intermediate,medium,some,positions|260|tight|squeeze,Encourages communication and teamwork between partners.|Can be adapted with props for comfort and accessibility.,Move slowly at first and adjust posture to avoid joint strain.|Use steady breathing to stay relaxed and coordinated.|Hydrate and take breaks as needed.,,,,,,260-tight-squeeze.png,,,,,,false,true,true
261-special-breakfast,261 Special Breakfast,Illustrated 261 Special Breakfast position with comfort-first guidance.,"Confirm mutual consent and boundaries before starting.
Choose a stable, comfortable surface and add support cushions if needed.
Align your bodies slowly and adjust angles for comfort and stability.
Pause to check in and stop immediately if there is pain or discomfort.",positions,intermediate,medium,some,positions|261|special|breakfast,Encourages communication and teamwork between partners.|Can be adapted with props for comfort and accessibility.,Move slowly at first and adjust posture to avoid joint strain.|Use steady breathing to stay relaxed and coordinated.|Hydrate and take breaks as needed.,,,,,,261-special-breakfast.png,,,,,,false,true,true
262-sower,262 Sower,Illustrated 262 Sower position with comfort-first guidance.,"Confirm mutual consent and boundaries before starting.
Choose a stable, comfortable surface and add support cushions if needed.
Align your bodies slowly and adjust angles for comfort and stability.
Pause to check in and stop immediately if there is pain or discomfort.",positions,intermediate,medium,some,positions|262|sower,Encourages communication and teamwork between partners.|Can be adapted with props for comfort and accessibility.,Move slowly at first and adjust posture to avoid joint strain.|Use steady breathing to stay relaxed and coordinated.|Hydrate and take breaks as needed.,,,,,,262-sower.png,,,,,,false,true,true
263-pioneer,263 Pioneer,Illustrated 263 Pioneer position with comfort-first guidance.,"Confirm mutual consent and boundaries before starting.
Choose a stable, comfortable surface and add support cushions if needed.
Align your bodies slowly and adjust angles for comfort and stability.
Pause to check in and stop immediately if there is pain or discomfort.",positions,intermediate,medium,some,positions|263|pioneer,Encourages communication and teamwork between partners.|Can be adapted with props for comfort and accessibility.,Move slowly at first and adjust posture to avoid joint strain.|Use steady breathing to stay relaxed and coordinated.|Hydrate and take breaks as needed.,,,,,,263-pioneer.png,,,,,,false,true,true
264-sleeping-beauty,264 Sleeping Beauty,Illustrated 264 Sleeping Beauty position with comfort-first guidance.,"Confirm mutual consent and boundaries before starting.
Choose a stable, comfortable surface and add support cushions if needed.
Align your bodies slowly and adjust angles for comfort and stability.
Pause to check in and stop immediately if there is pain or discomfort.",positions,intermediate,medium,some,positions|264|sleeping|beauty,Encourages communication and teamwork between partners.|Can be adapted with props for comfort and accessibility.,Move slowly at first and adjust posture to avoid joint strain.|Use steady breathing to stay relaxed and coordinated.|Hydrate and take breaks as needed.,,,,,,264-sleeping-beauty.png,,,,,,false,true,true
265-spicy-dish,265 Spicy Dish,Illustrated 265 Spicy Dish position with comfort-first guidance.,"Confirm mutual consent and boundaries before starting.
Choose a stable, comfortable surface and add support cushions if needed.
Align your bodies slowly and adjust angles for comfort and stability.
Pause to check in and stop immediately if there is pain or discomfort.",positions,intermediate,medium,some,positions|265|spicy|dish,Encourages communication and teamwork between partners.|Can be adapted with props for comfort and accessibility.,Move slowly at first and adjust posture to avoid joint strain.|Use steady breathing to stay relaxed and coordinated.|Hydrate and take breaks as needed.,,,,,,265-spicy-dish.png,,,,,,false,true,true
266-supernova,266 Supernova,Illustrated 266 Supernova position with comfort-first guidance.,"Confirm mutual consent and boundaries before starting.
Choose a stable, comfortable surface and add support cushions if needed.
Align your bodies slowly and adjust angles for comfort and stability.
Pause to check in and stop immediately if there is pain or discomfort.",positions,intermediate,medium,some,positions|266|supernova,Encourages communication and teamwork between partners.|Can be adapted with props for comfort and accessibility.,Move slowly at first and adjust posture to avoid joint strain.|Use steady breathing to stay relaxed and coordinated.|Hydrate and take breaks as needed.,,,,,,266-supernova.png,,,,,,false,true,true
267-zeal,267 Zeal,Illustrated 267 Zeal position with comfort-first guidance.,"Confirm mutual consent and boundaries before starting.
Choose a stable, comfortable surface and add support cushions if needed.
Align your bodies slowly and adjust angles for comfort and stability.
Pause to check in and stop immediately if there is pain or discomfort.",positions,intermediate,medium,some,positions|267|zeal,Encourages communication and teamwork between partners.|Can be adapted with props for comfort and accessibility.,Move slowly at first and adjust posture to avoid joint strain.|Use steady breathing to stay relaxed and coordinated.|Hydrate and take breaks as needed.,,,,,,267-zeal.png,,,,,,false,true,true
268-backstroke,268 Backstroke,Illustrated 268 Backstroke position with comfort-first guidance.,"Confirm mutual consent and boundaries before starting.
Choose a stable, comfortable surface and add support cushions if needed.
Align your bodies slowly and adjust angles for comfort and stability.
Pause to check in and stop immediately if there is pain or discomfort.",positions,intermediate,medium,some,positions|268|backstroke,Encourages communication and teamwork between partners.|Can be adapted with props for comfort and accessibility.,Move slowly at first and adjust posture to avoid joint strain.|Use steady breathing to stay relaxed and coordinated.|Hydrate and take breaks as needed.,,,,,,268-backstroke.png,,,,,,false,true,true
269-rock-and-roll,269 Rock And Roll,Illustrated 269 Rock And Roll position with comfort-first guidance.,"Confirm mutual consent and boundaries before starting.
Choose a stable, comfortable surface and add support cushions if needed.
Align your bodies slowly and adjust angles for comfort and stability.
Pause to check in and stop immediately if there is pain or discomfort.",positions,intermediate,medium,some,positions|269|rock|and|roll,Encourages communication and teamwork between partners.|Can be adapted with props for comfort and accessibility.,Move slowly at first and adjust posture to avoid joint strain.|Use steady breathing to stay relaxed and coordinated.|Hydrate and take breaks as needed.,,,,,,269-rock-and-roll.png,,,,,,false,true,true
27-rider,27 Rider,Illustrated 27 Rider position with comfort-first guidance.,"Confirm mutual consent and boundaries before starting.
Choose a stable, comfortable surface and add support cushions if needed.
Align your bodies slowly and adjust angles for comfort and stability.
Pause to check in and stop immediately if there is pain or discomfort.",positions,intermediate,medium,some,positions|27|rider,Encourages communication and teamwork between partners.|Can be adapted with props for comfort and accessibility.,Move slowly at first and adjust posture to avoid joint strain.|Use steady breathing to stay relaxed and coordinated.|Hydrate and take breaks as needed.,,,,,,27-rider.png,,,,,,false,true,true
270-giraffe,270 Giraffe,Illustrated 270 Giraffe position with comfort-first guidance.,"Confirm mutual consent and boundaries before starting.
Choose a stable, comfortable surface and add support cushions if needed.
Align your bodies slowly and adjust angles for comfort and stability.
Pause to check in and stop immediately if there is pain or discomfort.",positions,intermediate,medium,some,positions|270|giraffe,Encourages communication and teamwork between partners.|Can be adapted with props for comfort and accessibility.,Move slowly at first and adjust posture to avoid joint strain.|Use steady breathing to stay relaxed and coordinated.|Hydrate and take breaks as needed.,,,,,,270-giraffe.png,,,,,,false,true,true
271-princess,271 Princess,Illustrated 271 Princess position with comfort-first guidance.,"Confirm mutual consent and boundaries before starting.
Choose a stable, comfortable surface and add support cushions if needed.
Align your bodies slowly and adjust angles for comfort and stability.
Pause to check in and stop immediately if there is pain or discomfort.",positions,intermediate,medium,some,positions|271|princess,Encourages communication and teamwork between partners.|Can be adapted with props for comfort and accessibility.,Move slowly at first and adjust posture to avoid joint strain.|Use steady breathing to stay relaxed and coordinated.|Hydrate and take breaks as needed.,,,,,,271-princess.png,,,,,,false,true,true
272-brazilian-capoeira,272 Brazilian Capoeira,Illustrated 272 Brazilian Capoeira position with comfort-first guidance.,"Confirm mutual consent and boundaries before starting.
Choose a stable, comfortable surface and add support cushions if needed.
Align your bodies slowly and adjust angles for comfort and stability.
Pause to check in and stop immediately if there is pain or discomfort.",positions,intermediate,medium,some,positions|272|brazilian|capoeira,Encourages communication and teamwork between partners.|Can be adapted with props for comfort and accessibility.,Move slowly at first and adjust posture to avoid joint strain.|Use steady breathing to stay relaxed and coordinated.|Hydrate and take breaks as needed.,,,,,,272-brazilian-capoeira.png,,,,,,false,true,true
273-cave,273 Cave,Illustrated 273 Cave position with comfort-first guidance.,"Confirm mutual consent and boundaries before starting.
Choose a stable, comfortable surface and add support cushions if needed.
Align your bodies slowly and adjust angles for comfort and stability.
Pause to check in and stop immediately if there is pain or discomfort.",positions,intermediate,medium,some,positions|273|cave,Encourages communication and teamwork between partners.|Can be adapted with props for comfort and accessibility.,Move slowly at first and adjust posture to avoid joint strain.|Use steady breathing to stay relaxed and coordinated.|Hydrate and take breaks as needed.,,,,,,273-cave.png,,,,,,false,true,true
274-sensual-touch,274 Sensual Touch,Illustrated 274 Sensual Touch position with comfort-first guidance.,"Confirm mutual consent and boundaries before starting.
Choose a stable, comfortable surface and add support cushions if needed.
Align your bodies slowly and adjust angles for comfort and stability.
Pause to check in and stop immediately if there is pain or discomfort.",positions,intermediate,medium,some,positions|274|sensual|touch,Encourages communication and teamwork between partners.|Can be adapted with props for comfort and accessibility.,Move slowly at first and adjust posture to avoid joint strain.|Use steady breathing to stay relaxed and coordinated.|Hydrate and take breaks as needed.,,,,,,274-sensual-touch.png,,,,,,false,true,true
275-seashell,275 Seashell,Illustrated 275 Seashell position with comfort-first guidance.,"Confirm mutual consent and boundaries before starting.
Choose a stable, comfortable surface and add support cushions if needed.
Align your bodies slowly and adjust angles for comfort and stability.
Pause to check in and stop immediately if there is pain or discomfort.",positions,intermediate,medium,some,positions|275|seashell,Encourages communication and teamwork between partners.|Can be adapted with props for comfort and accessibility.,Move slowly at first and adjust posture to avoid joint strain.|Use steady breathing to stay relaxed and coordinated.|Hydrate and take breaks as needed.,,,,,,275-seashell.png,,,,,,false,true,true
276-propeller,276 Propeller,Illustrated 276 Propeller position with comfort-first guidance.,"Confirm mutual consent and boundaries before starting.
Choose a stable, comfortable surface and add support cushions if needed.
Align your bodies slowly and adjust angles for comfort and stability.
Pause to check in and stop immediately if there is pain or discomfort.",positions,intermediate,medium,some,positions|276|propeller,Encourages communication and teamwork between partners.|Can be adapted with props for comfort and accessibility.,Move slowly at first and adjust posture to avoid joint strain.|Use steady breathing to stay relaxed and coordinated.|Hydrate and take breaks as needed.,,,,,,276-propeller.png,,,,,,false,true,true
277-spark,277 Spark,Illustrated 277 Spark position with comfort-first guidance.,"Confirm mutual consent and boundaries before starting.
Choose a stable, comfortable surface and add support cushions if needed.
Align your bodies slowly and adjust angles for comfort and stability.
Pause to check in and stop immediately if there is pain or discomfort.",positions,intermediate,medium,some,positions|277|spark,Encourages communication and teamwork between partners.|Can be adapted with props for comfort and accessibility.,Move slowly at first and adjust posture to avoid joint strain.|Use steady breathing to stay relaxed and coordinated.|Hydrate and take breaks as needed.,,,,,,277-spark.png,,,,,,false,true,true
278-fantasy,278 Fantasy,Illustrated 278 Fantasy position with comfort-first guidance.,"Confirm mutual consent and boundaries before starting.
Choose a stable, comfortable surface and add support cushions if needed.
Align your bodies slowly and adjust angles for comfort and stability.
Pause to check in and stop immediately if there is pain or discomfort.",positions,intermediate,medium,some,positions|278|fantasy,Encourages communication and teamwork between partners.|Can be adapted with props for comfort and accessibility.,Move slowly at first and adjust posture to avoid joint strain.|Use steady breathing to stay relaxed and coordinated.|Hydrate and take breaks as needed.,,,,,,278-fantasy.png,,,,,,false,true,true
279-russian-roulette,279 Russian Roulette,Illustrated 279 Russian Roulette position with comfort-first guidance.,"Confirm mutual consent and boundaries before starting.
Choose a stable, comfortable surface and add support cushions if needed.
Align your bodies slowly and adjust angles for comfort and stability.
Pause to check in and stop immediately if there is pain or discomfort.",positions,intermediate,medium,some,positions|279|russian|roulette,Encourages communication and teamwork between partners.|Can be adapted with props for comfort and accessibility.,Move slowly at first and adjust posture to avoid joint strain.|Use steady breathing to stay relaxed and coordinated.|Hydrate and take breaks as needed.,,,,,,279-russian-roulette.png,,,,,,false,true,true
28-ape,28 Ape,Illustrated 28 Ape position with comfort-first guidance.,"Confirm mutual consent and boundaries before starting.
Choose a stable, comfortable surface and add support cushions if needed.
Align your bodies slowly and adjust angles for comfort and stability.
Pause to check in and stop immediately if there is pain or discomfort.",positions,intermediate,medium,some,positions|28|ape,Encourages communication and teamwork between partners.|Can be adapted with props for comfort and accessibility.,Move slowly at first and adjust posture to avoid joint strain.|Use steady breathing to stay relaxed and coordinated.|Hydrate and take breaks as needed.,,,,,,28-ape.png,,,,,,false,true,true
280-doggy-on-the-edge,280 Doggy On The Edge,Illustrated 280 Doggy On The Edge position with comfort-first guidance.,"Confirm mutual consent and boundaries before starting.
Choose a stable, comfortable surface and add support cushions if needed.
Align your bodies slowly and adjust angles for comfort and stability.
Pause to check in and stop immediately if there is pain or discomfort.",positions,intermediate,medium,some,positions|280|doggy|on|the|edge,Encourages communication and teamwork between partners.|Can be adapted with props for comfort and accessibility.,Move slowly at first and adjust posture to avoid joint strain.|Use steady breathing to stay relaxed and coordinated.|Hydrate and take breaks as needed.,,,,,,280-doggy-on-the-edge.png,,,,,,false,true,true
281-exotic-foreplay,281 Exotic Foreplay,Illustrated 281 Exotic Foreplay position with comfort-first guidance.,"Confirm mutual consent and boundaries before starting.
Choose a stable, comfortable surface and add support cushions if needed.
Align your bodies slowly and adjust angles for comfort and stability.
Pause to check in and stop immediately if there is pain or discomfort.",positions,intermediate,medium,some,positions|281|exotic|foreplay,Encourages communication and teamwork between partners.|Can be adapted with props for comfort and accessibility.,Move slowly at first and adjust posture to avoid joint strain.|Use steady breathing to stay relaxed and coordinated.|Hydrate and take breaks as needed.,,,,,,281-exotic-foreplay.png,,,,,,false,true,true
282-side-saddle,282 Side Saddle,Illustrated 282 Side Saddle position with comfort-first guidance.,"Confirm mutual consent and boundaries before starting.
Choose a stable, comfortable surface and add support cushions if needed.
Align your bodies slowly and adjust angles for comfort and stability.
Pause to check in and stop immediately if there is pain or discomfort.",positions,intermediate,medium,some,positions|282|side|saddle,Encourages communication and teamwork between partners.|Can be adapted with props for comfort and accessibility.,Move slowly at first and adjust posture to avoid joint strain.|Use steady breathing to stay relaxed and coordinated.|Hydrate and take breaks as needed.,,,,,,282-side-saddle.png,,,,,,false,true,true
283-lizard,283 Lizard,Illustrated 283 Lizard position with comfort-first guidance.,"Confirm mutual consent and boundaries before starting.
Choose a stable, comfortable surface and add support cushions if needed.
Align your bodies slowly and adjust angles for comfort and stability.
Pause to check in and stop immediately if there is pain or discomfort.",positions,intermediate,medium,some,positions|283|lizard,Encourages communication and teamwork between partners.|Can be adapted with props for comfort and accessibility.,Move slowly at first and adjust posture to avoid joint strain.|Use steady breathing to stay relaxed and coordinated.|Hydrate and take breaks as needed.,,,,,,283-lizard.png,,,,,,false,true,true
284-birthday-party,284 Birthday Party,Illustrated 284 Birthday Party position with comfort-first guidance.,"Confirm mutual consent and boundaries before starting.
Choose a stable, comfortable surface and add support cushions if needed.
Align your bodies slowly and adjust angles for comfort and stability.
Pause to check in and stop immediately if there is pain or discomfort.",positions,intermediate,medium,some,positions|284|birthday|party,Encourages communication and teamwork between partners.|Can be adapted with props for comfort and accessibility.,Move slowly at first and adjust posture to avoid joint strain.|Use steady breathing to stay relaxed and coordinated.|Hydrate and take breaks as needed.,,,,,,284-birthday-party.png,,,,,,false,true,true
285-wild-yoga,285 Wild Yoga,Illustrated 285 Wild Yoga position with comfort-first guidance.,"Confirm mutual consent and boundaries before starting.
Choose a stable, comfortable surface and add support cushions if needed.
Align your bodies slowly and adjust angles for comfort and stability.
Pause to check in and stop immediately if there is pain or discomfort.",positions,intermediate,medium,some,positions|285|wild|yoga,Encourages communication and teamwork between partners.|Can be adapted with props for comfort and accessibility.,Move slowly at first and adjust posture to avoid joint strain.|Use steady breathing to stay relaxed and coordinated.|Hydrate and take breaks as needed.,,,,,,285-wild-yoga.png,,,,,,false,true,true
286-secret-entrance,286 Secret Entrance,Illustrated 286 Secret Entrance position with comfort-first guidance.,"Confirm mutual consent and boundaries before starting.
Choose a stable, comfortable surface and add support cushions if needed.
Align your bodies slowly and adjust angles for comfort and stability.
Pause to check in and stop immediately if there is pain or discomfort.",positions,intermediate,medium,some,positions|286|secret|entrance,Encourages communication and teamwork between partners.|Can be adapted with props for comfort and accessibility.,Move slowly at first and adjust posture to avoid joint strain.|Use steady breathing to stay relaxed and coordinated.|Hydrate and take breaks as needed.,,,,,,286-secret-entrance.png,,,,,,false,true,true
287-tight-vagina,287 Tight Vagina,Illustrated 287 Tight Vagina position with comfort-first guidance.,"Confirm mutual consent and boundaries before starting.
Choose a stable, comfortable surface and add support cushions if needed.
Align your bodies slowly and adjust angles for comfort and stability.
Pause to check in and stop immediately if there is pain or discomfort.",positions,intermediate,medium,some,positions|287|tight|vagina,Encourages communication and teamwork between partners.|Can be adapted with props for comfort and accessibility.,Move slowly at first and adjust posture to avoid joint strain.|Use steady breathing to stay relaxed and coordinated.|Hydrate and take breaks as needed.,,,,,,287-tight-vagina.png,,,,,,false,true,true
288-hottest-lover,288 Hottest Lover,Illustrated 288 Hottest Lover position with comfort-first guidance.,"Confirm mutual consent and boundaries before starting.
Choose a stable, comfortable surface and add support cushions if needed.
Align your bodies slowly and adjust angles for comfort and stability.
Pause to check in and stop immediately if there is pain or discomfort.",positions,intermediate,medium,some,positions|288|hottest|lover,Encourages communication and teamwork between partners.|Can be adapted with props for comfort and accessibility.,Move slowly at first and adjust posture to avoid joint strain.|Use steady breathing to stay relaxed and coordinated.|Hydrate and take breaks as needed.,,,,,,288-hottest-lover.png,,,,,,false,true,true
289-x-factor,289 X Factor,Illustrated 289 X Factor position with comfort-first guidance.,"Confirm mutual consent and boundaries before starting.
Choose a stable, comfortable surface and add support cushions if needed.
Align your bodies slowly and adjust angles for comfort and stability.
Pause to check in and stop immediately if there is pain or discomfort.",positions,intermediate,medium,some,positions|289|factor,Encourages communication and teamwork between partners.|Can be adapted with props for comfort and accessibility.,Move slowly at first and adjust posture to avoid joint strain.|Use steady breathing to stay relaxed and coordinated.|Hydrate and take breaks as needed.,,,,,,289-x-factor.png,,,,,,false,true,true
29-harmony,29 Harmony,Illustrated 29 Harmony position with comfort-first guidance.,"Confirm mutual consent and boundaries before starting.
Choose a stable, comfortable surface and add support cushions if needed.
Align your bodies slowly and adjust angles for comfort and stability.
Pause to check in and stop immediately if there is pain or discomfort.",positions,intermediate,medium,some,positions|29|harmony,Encourages communication and teamwork between partners.|Can be adapted with props for comfort and accessibility.,Move slowly at first and adjust posture to avoid joint strain.|Use steady breathing to stay relaxed and coordinated.|Hydrate and take breaks as needed.,,,,,,29-harmony.png,,,,,,false,true,true
290-throat-swab,290 Throat Swab,Illustrated 290 Throat Swab position with comfort-first guidance.,"Confirm mutual consent and boundaries before starting.
Choose a stable, comfortable surface and add support cushions if needed.
Align your bodies slowly and adjust angles for comfort and stability.
Pause to check in and stop immediately if there is pain or discomfort.",positions,intermediate,medium,some,positions|290|throat|swab,Encourages communication and teamwork between partners.|Can be adapted with props for comfort and accessibility.,Move slowly at first and adjust posture to avoid joint strain.|Use steady breathing to stay relaxed and coordinated.|Hydrate and take breaks as needed.,,,,,,290-throat-swab.png,,,,,,false,true,true
291-flying-dutchman,291 Flying Dutchman,Illustrated 291 Flying Dutchman position with comfort-first guidance.,"Confirm mutual consent and boundaries before starting.
Choose a stable, comfortable surface and add support cushions if needed.
Align your bodies slowly and adjust angles for comfort and stability.
Pause to check in and stop immediately if there is pain or discomfort.",positions,intermediate,medium,some,positions|291|flying|dutchman,Encourages communication and teamwork between partners.|Can be adapted with props for comfort and accessibility.,Move slowly at first and adjust posture to avoid joint strain.|Use steady breathing to stay relaxed and coordinated.|Hydrate and take breaks as needed.,,,,,,291-flying-dutchman.png,,,,,,false,true,true
292-necktie,292 Necktie,Illustrated 292 Necktie position with comfort-first guidance.,"Confirm mutual consent and boundaries before starting.
Choose a stable, comfortable surface and add support cushions if needed.
Align your bodies slowly and adjust angles for comfort and stability.
Pause to check in and stop immediately if there is pain or discomfort.",positions,intermediate,medium,some,positions|292|necktie,Encourages communication and teamwork between partners.|Can be adapted with props for comfort and accessibility.,Move slowly at first and adjust posture to avoid joint strain.|Use steady breathing to stay relaxed and coordinated.|Hydrate and take breaks as needed.,,,,,,292-necktie.png,,,,,,false,true,true
293-shameless,293 Shameless,Illustrated 293 Shameless position with comfort-first guidance.,"Confirm mutual consent and boundaries before starting.
Choose a stable, comfortable surface and add support cushions if needed.
Align your bodies slowly and adjust angles for comfort and stability.
Pause to check in and stop immediately if there is pain or discomfort.",positions,intermediate,medium,some,positions|293|shameless,Encourages communication and teamwork between partners.|Can be adapted with props for comfort and accessibility.,Move slowly at first and adjust posture to avoid joint strain.|Use steady breathing to stay relaxed and coordinated.|Hydrate and take breaks as needed.,,,,,,293-shameless.png,,,,,,false,true,true
294-plumber,294 Plumber,Illustrated 294 Plumber position with comfort-first guidance.,"Confirm mutual consent and boundaries before starting.
Choose a stable, comfortable surface and add support cushions if needed.
Align your bodies slowly and adjust angles for comfort and stability.
Pause to check in and stop immediately if there is pain or discomfort.",positions,intermediate,medium,some,positions|294|plumber,Encourages communication and teamwork between partners.|Can be adapted with props for comfort and accessibility.,Move slowly at first and adjust posture to avoid joint strain.|Use steady breathing to stay relaxed and coordinated.|Hydrate and take breaks as needed.,,,,,,294-plumber.png,,,,,,false,true,true
295-iron-throne,295 Iron Throne,Illustrated 295 Iron Throne position with comfort-first guidance.,"Confirm mutual consent and boundaries before starting.
Choose a stable, comfortable surface and add support cushions if needed.
Align your bodies slowly and adjust angles for comfort and stability.
Pause to check in and stop immediately if there is pain or discomfort.",positions,intermediate,medium,some,positions|295|iron|throne,Encourages communication and teamwork between partners.|Can be adapted with props for comfort and accessibility.,Move slowly at first and adjust posture to avoid joint strain.|Use steady breathing to stay relaxed and coordinated.|Hydrate and take breaks as needed.,,,,,,295-iron-throne.png,,,,,,false,true,true
296-awesome-idea,296 Awesome Idea,Illustrated 296 Awesome Idea position with comfort-first guidance.,"Confirm mutual consent and boundaries before starting.
Choose a stable, comfortable surface and add support cushions if needed.
Align your bodies slowly and adjust angles for comfort and stability.
Pause to check in and stop immediately if there is pain or discomfort.",positions,intermediate,medium,some,positions|296|awesome|idea,Encourages communication and teamwork between partners.|Can be adapted with props for comfort and accessibility.,Move slowly at first and adjust posture to avoid joint strain.|Use steady breathing to stay relaxed and coordinated.|Hydrate and take breaks as needed.,,,,,,296-awesome-idea.png,,,,,,false,true,true
297-apollo,297 Apollo,Illustrated 297 Apollo position with comfort-first guidance.,"Confirm mutual consent and boundaries before starting.
Choose a stable, comfortable surface and add support cushions if needed.
Align your bodies slowly and adjust angles for comfort and stability.
Pause to check in and stop immediately if there is pain or discomfort.",positions,intermediate,medium,some,positions|297|apollo,Encourages communication and teamwork between partners.|Can be adapted with props for comfort and accessibility.,Move slowly at first and adjust posture to avoid joint strain.|Use steady breathing to stay relaxed and coordinated.|Hydrate and take breaks as needed.,,,,,,297-apollo.png,,,,,,false,true,true
298-vulgar-chair,298 Vulgar Chair,Illustrated 298 Vulgar Chair position with comfort-first guidance.,"Confirm mutual consent and boundaries before starting.
Choose a stable, comfortable surface and add support cushions if needed.
Align your bodies slowly and adjust angles for comfort and stability.
Pause to check in and stop immediately if there is pain or discomfort.",positions,intermediate,medium,some,positions|298|vulgar|chair,Encourages communication and teamwork between partners.|Can be adapted with props for comfort and accessibility.,Move slowly at first and adjust posture to avoid joint strain.|Use steady breathing to stay relaxed and coordinated.|Hydrate and take breaks as needed.,,,,,,298-vulgar-chair.png,,,,,,false,true,true
299-nice-talk,299 Nice Talk,Illustrated 299 Nice Talk position with comfort-first guidance.,"Confirm mutual consent and boundaries before starting.
Choose a stable, comfortable surface and add support cushions if needed.
Align your bodies slowly and adjust angles for comfort and stability.
Pause to check in and stop immediately if there is pain or discomfort.",positions,intermediate,medium,some,positions|299|nice|talk,Encourages communication and teamwork between partners.|Can be adapted with props for comfort and accessibility.,Move slowly at first and adjust posture to avoid joint strain.|Use steady breathing to stay relaxed and coordinated.|Hydrate and take breaks as needed.,,,,,,299-nice-talk.png,,,,,,false,true,true
3-cat,3 Cat,Illustrated 3 Cat position with comfort-first guidance.,"Confirm mutual consent and boundaries before starting.
Choose a stable, comfortable surface and add support cushions if needed.
Align your bodies slowly and adjust angles for comfort and stability.
Pause to check in and stop immediately if there is pain or discomfort.",positions,intermediate,medium,some,positions|cat,Encourages communication and teamwork between partners.|Can be adapted with props for comfort and accessibility.,Move slowly at first and adjust posture to avoid joint strain.|Use steady breathing to stay relaxed and coordinated.|Hydrate and take breaks as needed.,,,,,,3-cat.png,,,,,,false,true,true
30-backshot,30 Backshot,Illustrated 30 Backshot position with comfort-first guidance.,"Confirm mutual consent and boundaries before starting.
Choose a stable, comfortable surface and add support cushions if needed.
Align your bodies slowly and adjust angles for comfort and stability.
Pause to check in and stop immediately if there is pain or discomfort.",positions,intermediate,medium,some,positions|30|backshot,Encourages communication and teamwork between partners.|Can be adapted with props for comfort and accessibility.,Move slowly at first and adjust posture to avoid joint strain.|Use steady breathing to stay relaxed and coordinated.|Hydrate and take breaks as needed.,,,,,,30-backshot.png,,,,,,false,true,true
300-pleasure-bible,300 Pleasure Bible,Illustrated 300 Pleasure Bible position with comfort-first guidance.,"Confirm mutual consent and boundaries before starting.
Choose a stable, comfortable surface and add support cushions if needed.
Align your bodies slowly and adjust angles for comfort and stability.
Pause to check in and stop immediately if there is pain or discomfort.",positions,intermediate,medium,some,positions|300|pleasure|bible,Encourages communication and teamwork between partners.|Can be adapted with props for comfort and accessibility.,Move slowly at first and adjust posture to avoid joint strain.|Use steady breathing to stay relaxed and coordinated.|Hydrate and take breaks as needed.,,,,,,300-pleasure-bible.png,,,,,,false,true,true
301-feeder,301 Feeder,Illustrated 301 Feeder position with comfort-first guidance.,"Confirm mutual consent and boundaries before starting.
Choose a stable, comfortable surface and add support cushions if needed.
Align your bodies slowly and adjust angles for comfort and stability.
Pause to check in and stop immediately if there is pain or discomfort.",positions,intermediate,medium,some,positions|301|feeder,Encourages communication and teamwork between partners.|Can be adapted with props for comfort and accessibility.,Move slowly at first and adjust posture to avoid joint strain.|Use steady breathing to stay relaxed and coordinated.|Hydrate and take breaks as needed.,,,,,,301-feeder.png,,,,,,false,true,true
302-launch-pad,302 Launch Pad,Illustrated 302 Launch Pad position with comfort-first guidance.,"Confirm mutual consent and boundaries before starting.
Choose a stable, comfortable surface and add support cushions if needed.
Align your bodies slowly and adjust angles for comfort and stability.
Pause to check in and stop immediately if there is pain or discomfort.",positions,intermediate,medium,some,positions|302|launch|pad,Encourages communication and teamwork between partners.|Can be adapted with props for comfort and accessibility.,Move slowly at first and adjust posture to avoid joint strain.|Use steady breathing to stay relaxed and coordinated.|Hydrate and take breaks as needed.,,,,,,302-launch-pad.png,,,,,,false,true,true
303-pokemon,303 Pokemon,Illustrated 303 Pokemon position with comfort-first guidance.,"Confirm mutual consent and boundaries before starting.
Choose a stable, comfortable surface and add support cushions if needed.
Align your bodies slowly and adjust angles for comfort and stability.
Pause to check in and stop immediately if there is pain or discomfort.",positions,intermediate,medium,some,positions|303|pokemon,Encourages communication and teamwork between partners.|Can be adapted with props for comfort and accessibility.,Move slowly at first and adjust posture to avoid joint strain.|Use steady breathing to stay relaxed and coordinated.|Hydrate and take breaks as needed.,,,,,,303-pokemon.png,,,,,,false,true,true
304-reverse-connection,304 Reverse Connection,Illustrated 304 Reverse Connection position with comfort-first guidance.,"Confirm mutual consent and boundaries before starting.
Choose a stable, comfortable surface and add support cushions if needed.
Align your bodies slowly and adjust angles for comfort and stability.
Pause to check in and stop immediately if there is pain or discomfort.",positions,intermediate,medium,some,positions|304|reverse|connection,Encourages communication and teamwork between partners.|Can be adapted with props for comfort and accessibility.,Move slowly at first and adjust posture to avoid joint strain.|Use steady breathing to stay relaxed and coordinated.|Hydrate and take breaks as needed.,,,,,,304-reverse-connection.png,,,,,,false,true,true
305-bent-cowgirl,305 Bent Cowgirl,Illustrated 305 Bent Cowgirl position with comfort-first guidance.,"Confirm mutual consent and boundaries before starting.
Choose a stable, comfortable surface and add support cushions if needed.
Align your bodies slowly and adjust angles for comfort and stability.
Pause to check in and stop immediately if there is pain or discomfort.",positions,intermediate,medium,some,positions|305|bent|cowgirl,Encourages communication and teamwork between partners.|Can be adapted with props for comfort and accessibility.,Move slowly at first and adjust posture to avoid joint strain.|Use steady breathing to stay relaxed and coordinated.|Hydrate and take breaks as needed.,,,,,,305-bent-cowgirl.png,,,,,,false,true,true
306-low-start,306 Low Start,Illustrated 306 Low Start position with comfort-first guidance.,"Confirm mutual consent and boundaries before starting.
Choose a stable, comfortable surface and add support cushions if needed.
Align your bodies slowly and adjust angles for comfort and stability.
Pause to check in and stop immediately if there is pain or discomfort.",positions,intermediate,medium,some,positions|306|low|start,Encourages communication and teamwork between partners.|Can be adapted with props for comfort and accessibility.,Move slowly at first and adjust posture to avoid joint strain.|Use steady breathing to stay relaxed and coordinated.|Hydrate and take breaks as needed.,,,,,,306-low-start.png,,,,,,false,true,true
307-desert-island,307 Desert Island,Illustrated 307 Desert Island position with comfort-first guidance.,"Confirm mutual consent and boundaries before starting.
Choose a stable, comfortable surface and add support cushions if needed.
Align your bodies slowly and adjust angles for comfort and stability.
Pause to check in and stop immediately if there is pain or discomfort.",positions,intermediate,medium,some,positions|307|desert|island,Encourages communication and teamwork between partners.|Can be adapted with props for comfort and accessibility.,Move slowly at first and adjust posture to avoid joint strain.|Use steady breathing to stay relaxed and coordinated.|Hydrate and take breaks as needed.,,,,,,307-desert-island.png,,,,,,false,true,true
308-banana-split,308 Banana Split,Illustrated 308 Banana Split position with comfort-first guidance.,"Confirm mutual consent and boundaries before starting.
Choose a stable, comfortable surface and add support cushions if needed.
Align your bodies slowly and adjust angles for comfort and stability.
Pause to check in and stop immediately if there is pain or discomfort.",positions,intermediate,medium,some,positions|308|banana|split,Encourages communication and teamwork between partners.|Can be adapted with props for comfort and accessibility.,Move slowly at first and adjust posture to avoid joint strain.|Use steady breathing to stay relaxed and coordinated.|Hydrate and take breaks as needed.,,,,,,308-banana-split.png,,,,,,false,true,true
309-grasshopper,309 Grasshopper,Illustrated 309 Grasshopper position with comfort-first guidance.,"Confirm mutual consent and boundaries before starting.
Choose a stable, comfortable surface and add support cushions if needed.
Align your bodies slowly and adjust angles for comfort and stability.
Pause to check in and stop immediately if there is pain or discomfort.",positions,intermediate,medium,some,positions|309|grasshopper,Encourages communication and teamwork between partners.|Can be adapted with props for comfort and accessibility.,Move slowly at first and adjust posture to avoid joint strain.|Use steady breathing to stay relaxed and coordinated.|Hydrate and take breaks as needed.,,,,,,309-grasshopper.png,,,,,,false,true,true
31-clip,31 Clip,Illustrated 31 Clip position with comfort-first guidance.,"Confirm mutual consent and boundaries before starting.
Choose a stable, comfortable surface and add support cushions if needed.
Align your bodies slowly and adjust angles for comfort and stability.
Pause to check in and stop immediately if there is pain or discomfort.",positions,intermediate,medium,some,positions|31|clip,Encourages communication and teamwork between partners.|Can be adapted with props for comfort and accessibility.,Move slowly at first and adjust posture to avoid joint strain.|Use steady breathing to stay relaxed and coordinated.|Hydrate and take breaks as needed.,,,,,,31-clip.png,,,,,,false,true,true
310-swing-2,310 Swing 2,Illustrated 310 Swing 2 position with comfort-first guidance.,"Confirm mutual consent and boundaries before starting.
Choose a stable, comfortable surface and add support cushions if needed.
Align your bodies slowly and adjust angles for comfort and stability.
Pause to check in and stop immediately if there is pain or discomfort.",positions,intermediate,medium,some,positions|310|swing,Encourages communication and teamwork between partners.|Can be adapted with props for comfort and accessibility.,Move slowly at first and adjust posture to avoid joint strain.|Use steady breathing to stay relaxed and coordinated.|Hydrate and take breaks as needed.,,,,,,310-swing-2.png,,,,,,false,true,true
311-fantastic-elevator,311 Fantastic Elevator,Illustrated 311 Fantastic Elevator position with comfort-first guidance.,"Confirm mutual consent and boundaries before starting.
Choose a stable, comfortable surface and add support cushions if needed.
Align your bodies slowly and adjust angles for comfort and stability.
Pause to check in and stop immediately if there is pain or discomfort.",positions,intermediate,medium,some,positions|311|fantastic|elevator,Encourages communication and teamwork between partners.|Can be adapted with props for comfort and accessibility.,Move slowly at first and adjust posture to avoid joint strain.|Use steady breathing to stay relaxed and coordinated.|Hydrate and take breaks as needed.,,,,,,311-fantastic-elevator.png,,,,,,false,true,true
312-jamaican-cocktail,312 Jamaican Cocktail,Illustrated 312 Jamaican Cocktail position with comfort-first guidance.,"Confirm mutual consent and boundaries before starting.
Choose a stable, comfortable surface and add support cushions if needed.
Align your bodies slowly and adjust angles for comfort and stability.
Pause to check in and stop immediately if there is pain or discomfort.",positions,intermediate,medium,some,positions|312|jamaican|cocktail,Encourages communication and teamwork between partners.|Can be adapted with props for comfort and accessibility.,Move slowly at first and adjust posture to avoid joint strain.|Use steady breathing to stay relaxed and coordinated.|Hydrate and take breaks as needed.,,,,,,312-jamaican-cocktail.png,,,,,,false,true,true
313-chef,313 Chef,Illustrated 313 Chef position with comfort-first guidance.,"Confirm mutual consent and boundaries before starting.
Choose a stable, comfortable surface and add support cushions if needed.
Align your bodies slowly and adjust angles for comfort and stability.
Pause to check in and stop immediately if there is pain or discomfort.",positions,intermediate,medium,some,positions|313|chef,Encourages communication and teamwork between partners.|Can be adapted with props for comfort and accessibility.,Move slowly at first and adjust posture to avoid joint strain.|Use steady breathing to stay relaxed and coordinated.|Hydrate and take breaks as needed.,,,,,,313-chef.png,,,,,,false,true,true
314-st-valentines-day,314 St Valentines Day,Illustrated 314 St Valentines Day position with comfort-first guidance.,"Confirm mutual consent and boundaries before starting.
Choose a stable, comfortable surface and add support cushions if needed.
Align your bodies slowly and adjust angles for comfort and stability.
Pause to check in and stop immediately if there is pain or discomfort.",positions,intermediate,medium,some,positions|314|st|valentines|day,Encourages communication and teamwork between partners.|Can be adapted with props for comfort and accessibility.,Move slowly at first and adjust posture to avoid joint strain.|Use steady breathing to stay relaxed and coordinated.|Hydrate and take breaks as needed.,,,,,,314-st-valentines-day.png,,,,,,false,true,true
315-sucker-punch,315 Sucker Punch,Illustrated 315 Sucker Punch position with comfort-first guidance.,"Confirm mutual consent and boundaries before starting.
Choose a stable, comfortable surface and add support cushions if needed.
Align your bodies slowly and adjust angles for comfort and stability.
Pause to check in and stop immediately if there is pain or discomfort.",positions,intermediate,medium,some,positions|315|sucker|punch,Encourages communication and teamwork between partners.|Can be adapted with props for comfort and accessibility.,Move slowly at first and adjust posture to avoid joint strain.|Use steady breathing to stay relaxed and coordinated.|Hydrate and take breaks as needed.,,,,,,315-sucker-punch.png,,,,,,false,true,true
316-low-doggy,316 Low Doggy,Illustrated 316 Low Doggy position with comfort-first guidance.,"Confirm mutual consent and boundaries before starting.
Choose a stable, comfortable surface and add support cushions if needed.
Align your bodies slowly and adjust angles for comfort and stability.
Pause to check in and stop immediately if there is pain or discomfort.",positions,intermediate,medium,some,positions|316|low|doggy,Encourages communication and teamwork between partners.|Can be adapted with props for comfort and accessibility.,Move slowly at first and adjust posture to avoid joint strain.|Use steady breathing to stay relaxed and coordinated.|Hydrate and take breaks as needed.,,,,,,316-low-doggy.png,,,,,,false,true,true
317-merger,317 Merger,Illustrated 317 Merger position with comfort-first guidance.,"Confirm mutual consent and boundaries before starting.
Choose a stable, comfortable surface and add support cushions if needed.
Align your bodies slowly and adjust angles for comfort and stability.
Pause to check in and stop immediately if there is pain or discomfort.",positions,intermediate,medium,some,positions|317|merger,Encourages communication and teamwork between partners.|Can be adapted with props for comfort and accessibility.,Move slowly at first and adjust posture to avoid joint strain.|Use steady breathing to stay relaxed and coordinated.|Hydrate and take breaks as needed.,,,,,,317-merger.png,,,,,,false,true,true
318-rear-admiral,318 Rear Admiral,Illustrated 318 Rear Admiral position with comfort-first guidance.,"Confirm mutual consent and boundaries before starting.
Choose a stable, comfortable surface and add support cushions if needed.
Align your bodies slowly and adjust angles for comfort and stability.
Pause to check in and stop immediately if there is pain or discomfort.",positions,intermediate,medium,some,positions|318|rear|admiral,Encourages communication and teamwork between partners.|Can be adapted with props for comfort and accessibility.,Move slowly at first and adjust posture to avoid joint strain.|Use steady breathing to stay relaxed and coordinated.|Hydrate and take breaks as needed.,,,,,,318-rear-admiral.png,,,,,,false,true,true
319-watermelon,319 Watermelon,Illustrated 319 Watermelon position with comfort-first guidance.,"Confirm mutual consent and boundaries before starting.
Choose a stable, comfortable surface and add support cushions if needed.
Align your bodies slowly and adjust angles for comfort and stability.
Pause to check in and stop immediately if there is pain or discomfort.",positions,intermediate,medium,some,positions|319|watermelon,Encourages communication and teamwork between partners.|Can be adapted with props for comfort and accessibility.,Move slowly at first and adjust posture to avoid joint strain.|Use steady breathing to stay relaxed and coordinated.|Hydrate and take breaks as needed.,,,,,,319-watermelon.png,,,,,,false,true,true
32-ecstasy,32 Ecstasy,Illustrated 32 Ecstasy position with comfort-first guidance.,"Confirm mutual consent and boundaries before starting.
Choose a stable, comfortable surface and add support cushions if needed.
Align your bodies slowly and adjust angles for comfort and stability.
Pause to check in and stop immediately if there is pain or discomfort.",positions,intermediate,medium,some,positions|32|ecstasy,Encourages communication and teamwork between partners.|Can be adapted with props for comfort and accessibility.,Move slowly at first and adjust posture to avoid joint strain.|Use steady breathing to stay relaxed and coordinated.|Hydrate and take breaks as needed.,,,,,,32-ecstasy.png,,,,,,false,true,true
320-tantric-cosmo,320 Tantric Cosmo,Illustrated 320 Tantric Cosmo position with comfort-first guidance.,"Confirm mutual consent and boundaries before starting.
Choose a stable, comfortable surface and add support cushions if needed.
Align your bodies slowly and adjust angles for comfort and stability.
Pause to check in and stop immediately if there is pain or discomfort.",positions,intermediate,medium,some,positions|320|tantric|cosmo,Encourages communication and teamwork between partners.|Can be adapted with props for comfort and accessibility.,Move slowly at first and adjust posture to avoid joint strain.|Use steady breathing to stay relaxed and coordinated.|Hydrate and take breaks as needed.,,,,,,320-tantric-cosmo.png,,,,,,false,true,true
321-obra,321 Obra,Illustrated 321 Obra position with comfort-first guidance.,"Confirm mutual consent and boundaries before starting.
Choose a stable, comfortable surface and add support cushions if needed.
Align your bodies slowly and adjust angles for comfort and stability.
Pause to check in and stop immediately if there is pain or discomfort.",positions,intermediate,medium,some,positions|321|obra,Encourages communication and teamwork between partners.|Can be adapted with props for comfort and accessibility.,Move slowly at first and adjust posture to avoid joint strain.|Use steady breathing to stay relaxed and coordinated.|Hydrate and take breaks as needed.,,,,,,321-obra.png,,,,,,false,true,true
322-anadian,322 Anadian,Illustrated 322 Anadian position with comfort-first guidance.,"Confirm mutual consent and boundaries before starting.
Choose a stable, comfortable surface and add support cushions if needed.
Align your bodies slowly and adjust angles for comfort and stability.
Pause to check in and stop immediately if there is pain or discomfort.",positions,intermediate,medium,some,positions|322|anadian,Encourages communication and teamwork between partners.|Can be adapted with props for comfort and accessibility.,Move slowly at first and adjust posture to avoid joint strain.|Use steady breathing to stay relaxed and coordinated.|Hydrate and take breaks as needed.,,,,,,322-anadian.png,,,,,,false,true,true
323-truck,323 Truck,Illustrated 323 Truck position with comfort-first guidance.,"Confirm mutual consent and boundaries before starting.
Choose a stable, comfortable surface and add support cushions if needed.
Align your bodies slowly and adjust angles for comfort and stability.
Pause to check in and stop immediately if there is pain or discomfort.",positions,intermediate,medium,some,positions|323|truck,Encourages communication and teamwork between partners.|Can be adapted with props for comfort and accessibility.,Move slowly at first and adjust posture to avoid joint strain.|Use steady breathing to stay relaxed and coordinated.|Hydrate and take breaks as needed.,,,,,,323-truck.png,,,,,,false,true,true
324-superwoman,324 Superwoman,Illustrated 324 Superwoman position with comfort-first guidance.,"Confirm mutual consent and boundaries before starting.
Choose a stable, comfortable surface and add support cushions if needed.
Align your bodies slowly and adjust angles for comfort and stability.
Pause to check in and stop immediately if there is pain or discomfort.",positions,intermediate,medium,some,positions|324|superwoman,Encourages communication and teamwork between partners.|Can be adapted with props for comfort and accessibility.,Move slowly at first and adjust posture to avoid joint strain.|Use steady breathing to stay relaxed and coordinated.|Hydrate and take breaks as needed.,,,,,,324-superwoman.png,,,,,,false,true,true
325-zodiac,325 Zodiac,Illustrated 325 Zodiac position with comfort-first guidance.,"Confirm mutual consent and boundaries before starting.
Choose a stable, comfortable surface and add support cushions if needed.
Align your bodies slowly and adjust angles for comfort and stability.
Pause to check in and stop immediately if there is pain or discomfort.",positions,intermediate,medium,some,positions|325|zodiac,Encourages communication and teamwork between partners.|Can be adapted with props for comfort and accessibility.,Move slowly at first and adjust posture to avoid joint strain.|Use steady breathing to stay relaxed and coordinated.|Hydrate and take breaks as needed.,,,,,,325-zodiac.png,,,,,,false,true,true
326-fallen-warrior,326 Fallen Warrior,Illustrated 326 Fallen Warrior position with comfort-first guidance.,"Confirm mutual consent and boundaries before starting.
Choose a stable, comfortable surface and add support cushions if needed.
Align your bodies slowly and adjust angles for comfort and stability.
Pause to check in and stop immediately if there is pain or discomfort.",positions,intermediate,medium,some,positions|326|fallen|warrior,Encourages communication and teamwork between partners.|Can be adapted with props for comfort and accessibility.,Move slowly at first and adjust posture to avoid joint strain.|Use steady breathing to stay relaxed and coordinated.|Hydrate and take breaks as needed.,,,,,,326-fallen-warrior.png,,,,,,false,true,true
327-slow-dance,327 Slow Dance,Illustrated 327 Slow Dance position with comfort-first guidance.,"Confirm mutual consent and boundaries before starting.
Choose a stable, comfortable surface and add support cushions if needed.
Align your bodies slowly and adjust angles for comfort and stability.
Pause to check in and stop immediately if there is pain or discomfort.",positions,intermediate,medium,some,positions|327|slow|dance,Encourages communication and teamwork between partners.|Can be adapted with props for comfort and accessibility.,Move slowly at first and adjust posture to avoid joint strain.|Use steady breathing to stay relaxed and coordinated.|Hydrate and take breaks as needed.,,,,,,327-slow-dance.png,,,,,,false,true,true
328-deck-chair,328 Deck Chair,Illustrated 328 Deck Chair position with comfort-first guidance.,"Confirm mutual consent and boundaries before starting.
Choose a stable, comfortable surface and add support cushions if needed.
Align your bodies slowly and adjust angles for comfort and stability.
Pause to check in and stop immediately if there is pain or discomfort.",positions,intermediate,medium,some,positions|328|deck|chair,Encourages communication and teamwork between partners.|Can be adapted with props for comfort and accessibility.,Move slowly at first and adjust posture to avoid joint strain.|Use steady breathing to stay relaxed and coordinated.|Hydrate and take breaks as needed.,,,,,,328-deck-chair.png,,,,,,false,true,true
329-holder,329 Holder,Illustrated 329 Holder position with comfort-first guidance.,"Confirm mutual consent and boundaries before starting.
Choose a stable, comfortable surface and add support cushions if needed.
Align your bodies slowly and adjust angles for comfort and stability.
Pause to check in and stop immediately if there is pain or discomfort.",positions,intermediate,medium,some,positions|329|holder,Encourages communication and teamwork between partners.|Can be adapted with props for comfort and accessibility.,Move slowly at first and adjust posture to avoid joint strain.|Use steady breathing to stay relaxed and coordinated.|Hydrate and take breaks as needed.,,,,,,329-holder.png,,,,,,false,true,true
33-hook,33 Hook,Illustrated 33 Hook position with comfort-first guidance.,"Confirm mutual consent and boundaries before starting.
Choose a stable, comfortable surface and add support cushions if needed.
Align your bodies slowly and adjust angles for comfort and stability.
Pause to check in and stop immediately if there is pain or discomfort.",positions,intermediate,medium,some,positions|33|hook,Encourages communication and teamwork between partners.|Can be adapted with props for comfort and accessibility.,Move slowly at first and adjust posture to avoid joint strain.|Use steady breathing to stay relaxed and coordinated.|Hydrate and take breaks as needed.,,,,,,33-hook.png,,,,,,false,true,true
330-louise,330 Louise,Illustrated 330 Louise position with comfort-first guidance.,"Confirm mutual consent and boundaries before starting.
Choose a stable, comfortable surface and add support cushions if needed.
Align your bodies slowly and adjust angles for comfort and stability.
Pause to check in and stop immediately if there is pain or discomfort.",positions,intermediate,medium,some,positions|330|louise,Encourages communication and teamwork between partners.|Can be adapted with props for comfort and accessibility.,Move slowly at first and adjust posture to avoid joint strain.|Use steady breathing to stay relaxed and coordinated.|Hydrate and take breaks as needed.,,,,,,330-louise.png,,,,,,false,true,true
331-soft-chair,331 Soft Chair,Illustrated 331 Soft Chair position with comfort-first guidance.,"Confirm mutual consent and boundaries before starting.
Choose a stable, comfortable surface and add support cushions if needed.
Align your bodies slowly and adjust angles for comfort and stability.
Pause to check in and stop immediately if there is pain or discomfort.",positions,intermediate,medium,some,positions|331|soft|chair,Encourages communication and teamwork between partners.|Can be adapted with props for comfort and accessibility.,Move slowly at first and adjust posture to avoid joint strain.|Use steady breathing to stay relaxed and coordinated.|Hydrate and take breaks as needed.,,,,,,331-soft-chair.png,,,,,,false,true,true
332-astrologer,332 Astrologer,Illustrated 332 Astrologer position with comfort-first guidance.,"Confirm mutual consent and boundaries before starting.
Choose a stable, comfortable surface and add support cushions if needed.
Align your bodies slowly and adjust angles for comfort and stability.
Pause to check in and stop immediately if there is pain or discomfort.",positions,intermediate,medium,some,positions|332|astrologer,Encourages communication and teamwork between partners.|Can be adapted with props for comfort and accessibility.,Move slowly at first and adjust posture to avoid joint strain.|Use steady breathing to stay relaxed and coordinated.|Hydrate and take breaks as needed.,,,,,,332-astrologer.png,,,,,,false,true,true
333-chairman,333 Chairman,Illustrated 333 Chairman position with comfort-first guidance.,"Confirm mutual consent and boundaries before starting.
Choose a stable, comfortable surface and add support cushions if needed.
Align your bodies slowly and adjust angles for comfort and stability.
Pause to check in and stop immediately if there is pain or discomfort.",positions,intermediate,medium,some,positions|333|chairman,Encourages communication and teamwork between partners.|Can be adapted with props for comfort and accessibility.,Move slowly at first and adjust posture to avoid joint strain.|Use steady breathing to stay relaxed and coordinated.|Hydrate and take breaks as needed.,,,,,,333-chairman.png,,,,,,false,true,true
334-fulcrum,334 Fulcrum,Illustrated 334 Fulcrum position with comfort-first guidance.,"Confirm mutual consent and boundaries before starting.
Choose a stable, comfortable surface and add support cushions if needed.
Align your bodies slowly and adjust angles for comfort and stability.
Pause to check in and stop immediately if there is pain or discomfort.",positions,intermediate,medium,some,positions|334|fulcrum,Encourages communication and teamwork between partners.|Can be adapted with props for comfort and accessibility.,Move slowly at first and adjust posture to avoid joint strain.|Use steady breathing to stay relaxed and coordinated.|Hydrate and take breaks as needed.,,,,,,334-fulcrum.png,,,,,,false,true,true
335-tug-of-war,335 Tug Of War,Illustrated 335 Tug Of War position with comfort-first guidance.,"Confirm mutual consent and boundaries before starting.
Choose a stable, comfortable surface and add support cushions if needed.
Align your bodies slowly and adjust angles for comfort and stability.
Pause to check in and stop immediately if there is pain or discomfort.",positions,intermediate,medium,some,positions|335|tug|of|war,Encourages communication and teamwork between partners.|Can be adapted with props for comfort and accessibility.,Move slowly at first and adjust posture to avoid joint strain.|Use steady breathing to stay relaxed and coordinated.|Hydrate and take breaks as needed.,,,,,,335-tug-of-war.png,,,,,,false,true,true
336-back-door,336 Back Door,Illustrated 336 Back Door position with comfort-first guidance.,"Confirm mutual consent and boundaries before starting.
Choose a stable, comfortable surface and add support cushions if needed.
Align your bodies slowly and adjust angles for comfort and stability.
Pause to check in and stop immediately if there is pain or discomfort.",positions,intermediate,medium,some,positions|336|back|door,Encourages communication and teamwork between partners.|Can be adapted with props for comfort and accessibility.,Move slowly at first and adjust posture to avoid joint strain.|Use steady breathing to stay relaxed and coordinated.|Hydrate and take breaks as needed.,,,,,,336-back-door.png,,,,,,false,true,true
337-dutch-oven,337 Dutch Oven,Illustrated 337 Dutch Oven position with comfort-first guidance.,"Confirm mutual consent and boundaries before starting.
Choose a stable, comfortable surface and add support cushions if needed.
Align your bodies slowly and adjust angles for comfort and stability.
Pause to check in and stop immediately if there is pain or discomfort.",positions,intermediate,medium,some,positions|337|dutch|oven,Encourages communication and teamwork between partners.|Can be adapted with props for comfort and accessibility.,Move slowly at first and adjust posture to avoid joint strain.|Use steady breathing to stay relaxed and coordinated.|Hydrate and take breaks as needed.,,,,,,337-dutch-oven.png,,,,,,false,true,true
338-ontortionist,338 Ontortionist,Illustrated 338 Ontortionist position with comfort-first guidance.,"Confirm mutual consent and boundaries before starting.
Choose a stable, comfortable surface and add support cushions if needed.
Align your bodies slowly and adjust angles for comfort and stability.
Pause to check in and stop immediately if there is pain or discomfort.",positions,intermediate,medium,some,positions|338|ontortionist,Encourages communication and teamwork between partners.|Can be adapted with props for comfort and accessibility.,Move slowly at first and adjust posture to avoid joint strain.|Use steady breathing to stay relaxed and coordinated.|Hydrate and take breaks as needed.,,,,,,338-ontortionist.png,,,,,,false,true,true
339-temptation,339 Temptation,Illustrated 339 Temptation position with comfort-first guidance.,"Confirm mutual consent and boundaries before starting.
Choose a stable, comfortable surface and add support cushions if needed.
Align your bodies slowly and adjust angles for comfort and stability.
Pause to check in and stop immediately if there is pain or discomfort.",positions,intermediate,medium,some,positions|339|temptation,Encourages communication and teamwork between partners.|Can be adapted with props for comfort and accessibility.,Move slowly at first and adjust posture to avoid joint strain.|Use steady breathing to stay relaxed and coordinated.|Hydrate and take breaks as needed.,,,,,,339-temptation.png,,,,,,false,true,true
34-cancer,34 Cancer,Illustrated 34 Cancer position with comfort-first guidance.,"Confirm mutual consent and boundaries before starting.
Choose a stable, comfortable surface and add support cushions if needed.
Align your bodies slowly and adjust angles for comfort and stability.
Pause to check in and stop immediately if there is pain or discomfort.",positions,intermediate,medium,some,positions|34|cancer,Encourages communication and teamwork between partners.|Can be adapted with props for comfort and accessibility.,Move slowly at first and adjust posture to avoid joint strain.|Use steady breathing to stay relaxed and coordinated.|Hydrate and take breaks as needed.,,,,,,34-cancer.png,,,,,,false,true,true
340-hili-dog,340 Hili Dog,Illustrated 340 Hili Dog position with comfort-first guidance.,"Confirm mutual consent and boundaries before starting.
Choose a stable, comfortable surface and add support cushions if needed.
Align your bodies slowly and adjust angles for comfort and stability.
Pause to check in and stop immediately if there is pain or discomfort.",positions,intermediate,medium,some,positions|340|hili|dog,Encourages communication and teamwork between partners.|Can be adapted with props for comfort and accessibility.,Move slowly at first and adjust posture to avoid joint strain.|Use steady breathing to stay relaxed and coordinated.|Hydrate and take breaks as needed.,,,,,,340-hili-dog.png,,,,,,false,true,true
341-deep-throat,341 Deep Throat,Illustrated 341 Deep Throat position with comfort-first guidance.,"Confirm mutual consent and boundaries before starting.
Choose a stable, comfortable surface and add support cushions if needed.
Align your bodies slowly and adjust angles for comfort and stability.
Pause to check in and stop immediately if there is pain or discomfort.",positions,intermediate,medium,some,positions|341|deep|throat,Encourages communication and teamwork between partners.|Can be adapted with props for comfort and accessibility.,Move slowly at first and adjust posture to avoid joint strain.|Use steady breathing to stay relaxed and coordinated.|Hydrate and take breaks as needed.,,,,,,341-deep-throat.png,,,,,,false,true,true
342-silence,342 Silence,Illustrated 342 Silence position with comfort-first guidance.,"Confirm mutual consent and boundaries before starting.
Choose a stable, comfortable surface and add support cushions if needed.
Align your bodies slowly and adjust angles for comfort and stability.
Pause to check in and stop immediately if there is pain or discomfort.",positions,intermediate,medium,some,positions|342|silence,Encourages communication and teamwork between partners.|Can be adapted with props for comfort and accessibility.,Move slowly at first and adjust posture to avoid joint strain.|Use steady breathing to stay relaxed and coordinated.|Hydrate and take breaks as needed.,,,,,,342-silence.png,,,,,,false,true,true
343-american-pie,343 American Pie,Illustrated 343 American Pie position with comfort-first guidance.,"Confirm mutual consent and boundaries before starting.
Choose a stable, comfortable surface and add support cushions if needed.
Align your bodies slowly and adjust angles for comfort and stability.
Pause to check in and stop immediately if there is pain or discomfort.",positions,intermediate,medium,some,positions|343|american|pie,Encourages communication and teamwork between partners.|Can be adapted with props for comfort and accessibility.,Move slowly at first and adjust posture to avoid joint strain.|Use steady breathing to stay relaxed and coordinated.|Hydrate and take breaks as needed.,,,,,,343-american-pie.png,,,,,,false,true,true
344-recharge,344 Recharge,Illustrated 344 Recharge position with comfort-first guidance.,"Confirm mutual consent and boundaries before starting.
Choose a stable, comfortable surface and add support cushions if needed.
Align your bodies slowly and adjust angles for comfort and stability.
Pause to check in and stop immediately if there is pain or discomfort.",positions,intermediate,medium,some,positions|344|recharge,Encourages communication and teamwork between partners.|Can be adapted with props for comfort and accessibility.,Move slowly at first and adjust posture to avoid joint strain.|Use steady breathing to stay relaxed and coordinated.|Hydrate and take breaks as needed.,,,,,,344-recharge.png,,,,,,false,true,true
345-pie-in-the-sky,345 Pie In The Sky,Illustrated 345 Pie In The Sky position with comfort-first guidance.,"Confirm mutual consent and boundaries before starting.
Choose a stable, comfortable surface and add support cushions if needed.
Align your bodies slowly and adjust angles for comfort and stability.
Pause to check in and stop immediately if there is pain or discomfort.",positions,intermediate,medium,some,positions|345|pie|in|the|sky,Encourages communication and teamwork between partners.|Can be adapted with props for comfort and accessibility.,Move slowly at first and adjust posture to avoid joint strain.|Use steady breathing to stay relaxed and coordinated.|Hydrate and take breaks as needed.,,,,,,345-pie-in-the-sky.png,,,,,,false,true,true
346-spanish-guitar,346 Spanish Guitar,Illustrated 346 Spanish Guitar position with comfort-first guidance.,"Confirm mutual consent and boundaries before starting.
Choose a stable, comfortable surface and add support cushions if needed.
Align your bodies slowly and adjust angles for comfort and stability.
Pause to check in and stop immediately if there is pain or discomfort.",positions,intermediate,medium,some,positions|346|spanish|guitar,Encourages communication and teamwork between partners.|Can be adapted with props for comfort and accessibility.,Move slowly at first and adjust posture to avoid joint strain.|Use steady breathing to stay relaxed and coordinated.|Hydrate and take breaks as needed.,,,,,,346-spanish-guitar.png,,,,,,false,true,true
347-guillotine,347 Guillotine,Illustrated 347 Guillotine position with comfort-first guidance.,"Confirm mutual consent and boundaries before starting.
Choose a stable, comfortable surface and add support cushions if needed.
Align your bodies slowly and adjust angles for comfort and stability.
Pause to check in and stop immediately if there is pain or discomfort.",positions,intermediate,medium,some,positions|347|guillotine,Encourages communication and teamwork between partners.|Can be adapted with props for comfort and accessibility.,Move slowly at first and adjust posture to avoid joint strain.|Use steady breathing to stay relaxed and coordinated.|Hydrate and take breaks as needed.,,,,,,347-guillotine.png,,,,,,false,true,true
348-tulip,348 Tulip,Illustrated 348 Tulip position with comfort-first guidance.,"Confirm mutual consent and boundaries before starting.
Choose a stable, comfortable surface and add support cushions if needed.
Align your bodies slowly and adjust angles for comfort and stability.
Pause to check in and stop immediately if there is pain or discomfort.",positions,intermediate,medium,some,positions|348|tulip,Encourages communication and teamwork between partners.|Can be adapted with props for comfort and accessibility.,Move slowly at first and adjust posture to avoid joint strain.|Use steady breathing to stay relaxed and coordinated.|Hydrate and take breaks as needed.,,,,,,348-tulip.png,,,,,,false,true,true
349-moonlight,349 Moonlight,Illustrated 349 Moonlight position with comfort-first guidance.,"Confirm mutual consent and boundaries before starting.
Choose a stable, comfortable surface and add support cushions if needed.
Align your bodies slowly and adjust angles for comfort and stability.
Pause to check in and stop immediately if there is pain or discomfort.",positions,intermediate,medium,some,positions|349|moonlight,Encourages communication and teamwork between partners.|Can be adapted with props for comfort and accessibility.,Move slowly at first and adjust posture to avoid joint strain.|Use steady breathing to stay relaxed and coordinated.|Hydrate and take breaks as needed.,,,,,,349-moonlight.png,,,,,,false,true,true
35-flame,35 Flame,Illustrated 35 Flame position with comfort-first guidance.,"Confirm mutual consent and boundaries before starting.
Choose a stable, comfortable surface and add support cushions if needed.
Align your bodies slowly and adjust angles for comfort and stability.
Pause to check in and stop immediately if there is pain or discomfort.",positions,intermediate,medium,some,positions|35|flame,Encourages communication and teamwork between partners.|Can be adapted with props for comfort and accessibility.,Move slowly at first and adjust posture to avoid joint strain.|Use steady breathing to stay relaxed and coordinated.|Hydrate and take breaks as needed.,,,,,,35-flame.png,,,,,,false,true,true
350-xxx,350 Xxx,Illustrated 350 Xxx position with comfort-first guidance.,"Confirm mutual consent and boundaries before starting.
Choose a stable, comfortable surface and add support cushions if needed.
Align your bodies slowly and adjust angles for comfort and stability.
Pause to check in and stop immediately if there is pain or discomfort.",positions,intermediate,medium,some,positions|350|xxx,Encourages communication and teamwork between partners.|Can be adapted with props for comfort and accessibility.,Move slowly at first and adjust posture to avoid joint strain.|Use steady breathing to stay relaxed and coordinated.|Hydrate and take breaks as needed.,,,,,,350-xxx.png,,,,,,false,true,true
351-appetite,351 Appetite,Illustrated 351 Appetite position with comfort-first guidance.,"Confirm mutual consent and boundaries before starting.
Choose a stable, comfortable surface and add support cushions if needed.
Align your bodies slowly and adjust angles for comfort and stability.
Pause to check in and stop immediately if there is pain or discomfort.",positions,intermediate,medium,some,positions|351|appetite,Encourages communication and teamwork between partners.|Can be adapted with props for comfort and accessibility.,Move slowly at first and adjust posture to avoid joint strain.|Use steady breathing to stay relaxed and coordinated.|Hydrate and take breaks as needed.,,,,,,351-appetite.png,,,,,,false,true,true
352-weightlessness,352 Weightlessness,Illustrated 352 Weightlessness position with comfort-first guidance.,"Confirm mutual consent and boundaries before starting.
Choose a stable, comfortable surface and add support cushions if needed.
Align your bodies slowly and adjust angles for comfort and stability.
Pause to check in and stop immediately if there is pain or discomfort.",positions,intermediate,medium,some,positions|352|weightlessness,Encourages communication and teamwork between partners.|Can be adapted with props for comfort and accessibility.,Move slowly at first and adjust posture to avoid joint strain.|Use steady breathing to stay relaxed and coordinated.|Hydrate and take breaks as needed.,,,,,,352-weightlessness.png,,,,,,false,true,true
353-captivity,353 Captivity,Illustrated 353 Captivity position with comfort-first guidance.,"Confirm mutual consent and boundaries before starting.
Choose a stable, comfortable surface and add support cushions if needed.
Align your bodies slowly and adjust angles for comfort and stability.
Pause to check in and stop immediately if there is pain or discomfort.",positions,intermediate,medium,some,positions|353|captivity,Encourages communication and teamwork between partners.|Can be adapted with props for comfort and accessibility.,Move slowly at first and adjust posture to avoid joint strain.|Use steady breathing to stay relaxed and coordinated.|Hydrate and take breaks as needed.,,,,,,353-captivity.png,,,,,,false,true,true
354-ompliment,354 Ompliment,Illustrated 354 Ompliment position with comfort-first guidance.,"Confirm mutual consent and boundaries before starting.
Choose a stable, comfortable surface and add support cushions if needed.
Align your bodies slowly and adjust angles for comfort and stability.
Pause to check in and stop immediately if there is pain or discomfort.",positions,intermediate,medium,some,positions|354|ompliment,Encourages communication and teamwork between partners.|Can be adapted with props for comfort and accessibility.,Move slowly at first and adjust posture to avoid joint strain.|Use steady breathing to stay relaxed and coordinated.|Hydrate and take breaks as needed.,,,,,,354-ompliment.png,,,,,,false,true,true
355-bowstring,355 Bowstring,Illustrated 355 Bowstring position with comfort-first guidance.,"Confirm mutual consent and boundaries before starting.
Choose a stable, comfortable surface and add support cushions if needed.
Align your bodies slowly and adjust angles for comfort and stability.
Pause to check in and stop immediately if there is pain or discomfort.",positions,intermediate,medium,some,positions|355|bowstring,Encourages communication and teamwork between partners.|Can be adapted with props for comfort and accessibility.,Move slowly at first and adjust posture to avoid joint strain.|Use steady breathing to stay relaxed and coordinated.|Hydrate and take breaks as needed.,,,,,,355-bowstring.png,,,,,,false,true,true
356-lazy-evening,356 Lazy Evening,Illustrated 356 Lazy Evening position with comfort-first guidance.,"Confirm mutual consent and boundaries before starting.
Choose a stable, comfortable surface and add support cushions if needed.
Align your bodies slowly and adjust angles for comfort and stability.
Pause to check in and stop immediately if there is pain or discomfort.",positions,intermediate,medium,some,positions|356|lazy|evening,Encourages communication and teamwork between partners.|Can be adapted with props for comfort and accessibility.,Move slowly at first and adjust posture to avoid joint strain.|Use steady breathing to stay relaxed and coordinated.|Hydrate and take breaks as needed.,,,,,,356-lazy-evening.png,,,,,,false,true,true
357-butter-churner,357 Butter Churner,Illustrated 357 Butter Churner position with comfort-first guidance.,"Confirm mutual consent and boundaries before starting.
Choose a stable, comfortable surface and add support cushions if needed.
Align your bodies slowly and adjust angles for comfort and stability.
Pause to check in and stop immediately if there is pain or discomfort.",positions,intermediate,medium,some,positions|357|butter|churner,Encourages communication and teamwork between partners.|Can be adapted with props for comfort and accessibility.,Move slowly at first and adjust posture to avoid joint strain.|Use steady breathing to stay relaxed and coordinated.|Hydrate and take breaks as needed.,,,,,,357-butter-churner.png,,,,,,false,true,true
358-shy-girl,358 Shy Girl,Illustrated 358 Shy Girl position with comfort-first guidance.,"Confirm mutual consent and boundaries before starting.
Choose a stable, comfortable surface and add support cushions if needed.
Align your bodies slowly and adjust angles for comfort and stability.
Pause to check in and stop immediately if there is pain or discomfort.",positions,intermediate,medium,some,positions|358|shy|girl,Encourages communication and teamwork between partners.|Can be adapted with props for comfort and accessibility.,Move slowly at first and adjust posture to avoid joint strain.|Use steady breathing to stay relaxed and coordinated.|Hydrate and take breaks as needed.,,,,,,358-shy-girl.png,,,,,,false,true,true
359-pterodactyl,359 Pterodactyl,Illustrated 359 Pterodactyl position with comfort-first guidance.,"Confirm mutual consent and boundaries before starting.
Choose a stable, comfortable surface and add support cushions if needed.
Align your bodies slowly and adjust angles for comfort and stability.
Pause to check in and stop immediately if there is pain or discomfort.",positions,intermediate,medium,some,positions|359|pterodactyl,Encourages communication and teamwork between partners.|Can be adapted with props for comfort and accessibility.,Move slowly at first and adjust posture to avoid joint strain.|Use steady breathing to stay relaxed and coordinated.|Hydrate and take breaks as needed.,,,,,,359-pterodactyl.png,,,,,,false,true,true
36-idyll,36 Idyll,Illustrated 36 Idyll position with comfort-first guidance.,"Confirm mutual consent and boundaries before starting.
Choose a stable, comfortable surface and add support cushions if needed.
Align your bodies slowly and adjust angles for comfort and stability.
Pause to check in and stop immediately if there is pain or discomfort.",positions,intermediate,medium,some,positions|36|idyll,Encourages communication and teamwork between partners.|Can be adapted with props for comfort and accessibility.,Move slowly at first and adjust posture to avoid joint strain.|Use steady breathing to stay relaxed and coordinated.|Hydrate and take breaks as needed.,,,,,,36-idyll.png,,,,,,false,true,true
360-hard-worker,360 Hard Worker,Illustrated 360 Hard Worker position with comfort-first guidance.,"Confirm mutual consent and boundaries before starting.
Choose a stable, comfortable surface and add support cushions if needed.
Align your bodies slowly and adjust angles for comfort and stability.
Pause to check in and stop immediately if there is pain or discomfort.",positions,advanced,medium,some,positions|360|hard|worker,Encourages communication and teamwork between partners.|Can be adapted with props for comfort and accessibility.,Move slowly at first and adjust posture to avoid joint strain.|Use steady breathing to stay relaxed and coordinated.|Hydrate and take breaks as needed.,,,,,,360-hard-worker.png,,,,,,false,true,true
361-kinky-spider,361 Kinky Spider,Illustrated 361 Kinky Spider position with comfort-first guidance.,"Confirm mutual consent and boundaries before starting.
Choose a stable, comfortable surface and add support cushions if needed.
Align your bodies slowly and adjust angles for comfort and stability.
Pause to check in and stop immediately if there is pain or discomfort.",positions,intermediate,medium,some,positions|361|kinky|spider,Encourages communication and teamwork between partners.|Can be adapted with props for comfort and accessibility.,Move slowly at first and adjust posture to avoid joint strain.|Use steady breathing to stay relaxed and coordinated.|Hydrate and take breaks as needed.,,,,,,361-kinky-spider.png,,,,,,false,true,true
362-courtesan,362 Courtesan,Illustrated 362 Courtesan position with comfort-first guidance.,"Confirm mutual consent and boundaries before starting.
Choose a stable, comfortable surface and add support cushions if needed.
Align your bodies slowly and adjust angles for comfort and stability.
Pause to check in and stop immediately if there is pain or discomfort.",positions,intermediate,medium,some,positions|362|courtesan,Encourages communication and teamwork between partners.|Can be adapted with props for comfort and accessibility.,Move slowly at first and adjust posture to avoid joint strain.|Use steady breathing to stay relaxed and coordinated.|Hydrate and take breaks as needed.,,,,,,362-courtesan.png,,,,,,false,true,true
363-young-stallion,363 Young Stallion,Illustrated 363 Young Stallion position with comfort-first guidance.,"Confirm mutual consent and boundaries before starting.
Choose a stable, comfortable surface and add support cushions if needed.
Align your bodies slowly and adjust angles for comfort and stability.
Pause to check in and stop immediately if there is pain or discomfort.",positions,intermediate,medium,some,positions|363|young|stallion,Encourages communication and teamwork between partners.|Can be adapted with props for comfort and accessibility.,Move slowly at first and adjust posture to avoid joint strain.|Use steady breathing to stay relaxed and coordinated.|Hydrate and take breaks as needed.,,,,,,363-young-stallion.png,,,,,,false,true,true
364-snow-angel,364 Snow Angel,Illustrated 364 Snow Angel position with comfort-first guidance.,"Confirm mutual consent and boundaries before starting.
Choose a stable, comfortable surface and add support cushions if needed.
Align your bodies slowly and adjust angles for comfort and stability.
Pause to check in and stop immediately if there is pain or discomfort.",positions,intermediate,medium,some,positions|364|snow|angel,Encourages communication and teamwork between partners.|Can be adapted with props for comfort and accessibility.,Move slowly at first and adjust posture to avoid joint strain.|Use steady breathing to stay relaxed and coordinated.|Hydrate and take breaks as needed.,,,,,,364-snow-angel.png,,,,,,false,true,true
365-french-kiss,365 French Kiss,Illustrated 365 French Kiss position with comfort-first guidance.,"Confirm mutual consent and boundaries before starting.
Choose a stable, comfortable surface and add support cushions if needed.
Align your bodies slowly and adjust angles for comfort and stability.
Pause to check in and stop immediately if there is pain or discomfort.",positions,intermediate,medium,some,positions|365|french|kiss,Encourages communication and teamwork between partners.|Can be adapted with props for comfort and accessibility.,Move slowly at first and adjust posture to avoid joint strain.|Use steady breathing to stay relaxed and coordinated.|Hydrate and take breaks as needed.,,,,,,365-french-kiss.png,,,,,,false,true,true
366-downstroke,366 Downstroke,Illustrated 366 Downstroke position with comfort-first guidance.,"Confirm mutual consent and boundaries before starting.
Choose a stable, comfortable surface and add support cushions if needed.
Align your bodies slowly and adjust angles for comfort and stability.
Pause to check in and stop immediately if there is pain or discomfort.",positions,intermediate,medium,some,positions|366|downstroke,Encourages communication and teamwork between partners.|Can be adapted with props for comfort and accessibility.,Move slowly at first and adjust posture to avoid joint strain.|Use steady breathing to stay relaxed and coordinated.|Hydrate and take breaks as needed.,,,,,,366-downstroke.png,,,,,,false,true,true
367-harness,367 Harness,Illustrated 367 Harness position with comfort-first guidance.,"Confirm mutual consent and boundaries before starting.
Choose a stable, comfortable surface and add support cushions if needed.
Align your bodies slowly and adjust angles for comfort and stability.
Pause to check in and stop immediately if there is pain or discomfort.",positions,intermediate,medium,some,positions|367|harness,Encourages communication and teamwork between partners.|Can be adapted with props for comfort and accessibility.,Move slowly at first and adjust posture to avoid joint strain.|Use steady breathing to stay relaxed and coordinated.|Hydrate and take breaks as needed.,,,,,,367-harness.png,,,,,,false,true,true
368-dirty-dancing,368 Dirty Dancing,Illustrated 368 Dirty Dancing position with comfort-first guidance.,"Confirm mutual consent and boundaries before starting.
Choose a stable, comfortable surface and add support cushions if needed.
Align your bodies slowly and adjust angles for comfort and stability.
Pause to check in and stop immediately if there is pain or discomfort.",positions,intermediate,medium,some,positions|368|dirty|dancing,Encourages communication and teamwork between partners.|Can be adapted with props for comfort and accessibility.,Move slowly at first and adjust posture to avoid joint strain.|Use steady breathing to stay relaxed and coordinated.|Hydrate and take breaks as needed.,,,,,,368-dirty-dancing.png,,,,,,false,true,true
369-milk-chocolate,369 Milk Chocolate,Illustrated 369 Milk Chocolate position with comfort-first guidance.,"Confirm mutual consent and boundaries before starting.
Choose a stable, comfortable surface and add support cushions if needed.
Align your bodies slowly and adjust angles for comfort and stability.
Pause to check in and stop immediately if there is pain or discomfort.",positions,intermediate,medium,some,positions|369|milk|chocolate,Encourages communication and teamwork between partners.|Can be adapted with props for comfort and accessibility.,Move slowly at first and adjust posture to avoid joint strain.|Use steady breathing to stay relaxed and coordinated.|Hydrate and take breaks as needed.,,,,,,369-milk-chocolate.png,,,,,,false,true,true
37-cleopatra,37 Cleopatra,Illustrated 37 Cleopatra position with comfort-first guidance.,"Confirm mutual consent and boundaries before starting.
Choose a stable, comfortable surface and add support cushions if needed.
Align your bodies slowly and adjust angles for comfort and stability.
Pause to check in and stop immediately if there is pain or discomfort.",positions,intermediate,medium,some,positions|37|cleopatra,Encourages communication and teamwork between partners.|Can be adapted with props for comfort and accessibility.,Move slowly at first and adjust posture to avoid joint strain.|Use steady breathing to stay relaxed and coordinated.|Hydrate and take breaks as needed.,,,,,,37-cleopatra.png,,,,,,false,true,true
370-nasty-desire,370 Nasty Desire,Illustrated 370 Nasty Desire position with comfort-first guidance.,"Confirm mutual consent and boundaries before starting.
Choose a stable, comfortable surface and add support cushions if needed.
Align your bodies slowly and adjust angles for comfort and stability.
Pause to check in and stop immediately if there is pain or discomfort.",positions,intermediate,medium,some,positions|370|nasty|desire,Encourages communication and teamwork between partners.|Can be adapted with props for comfort and accessibility.,Move slowly at first and adjust posture to avoid joint strain.|Use steady breathing to stay relaxed and coordinated.|Hydrate and take breaks as needed.,,,,,,370-nasty-desire.png,,,,,,false,true,true
371-military-style,371 Military Style,Illustrated 371 Military Style position with comfort-first guidance.,"Confirm mutual consent and boundaries before starting.
Choose a stable, comfortable surface and add support cushions if needed.
Align your bodies slowly and adjust angles for comfort and stability.
Pause to check in and stop immediately if there is pain or discomfort.",positions,intermediate,medium,some,positions|371|military|style,Encourages communication and teamwork between partners.|Can be adapted with props for comfort and accessibility.,Move slowly at first and adjust posture to avoid joint strain.|Use steady breathing to stay relaxed and coordinated.|Hydrate and take breaks as needed.,,,,,,371-military-style.png,,,,,,false,true,true
372-multiply-pleasure,372 Multiply Pleasure,Illustrated 372 Multiply Pleasure position with comfort-first guidance.,"Confirm mutual consent and boundaries before starting.
Choose a stable, comfortable surface and add support cushions if needed.
Align your bodies slowly and adjust angles for comfort and stability.
Pause to check in and stop immediately if there is pain or discomfort.",positions,intermediate,medium,some,positions|372|multiply|pleasure,Encourages communication and teamwork between partners.|Can be adapted with props for comfort and accessibility.,Move slowly at first and adjust posture to avoid joint strain.|Use steady breathing to stay relaxed and coordinated.|Hydrate and take breaks as needed.,,,,,,372-multiply-pleasure.png,,,,,,false,true,true
373-kitchen,373 Kitchen,Illustrated 373 Kitchen position with comfort-first guidance.,"Confirm mutual consent and boundaries before starting.
Choose a stable, comfortable surface and add support cushions if needed.
Align your bodies slowly and adjust angles for comfort and stability.
Pause to check in and stop immediately if there is pain or discomfort.",positions,intermediate,medium,some,positions|373|kitchen,Encourages communication and teamwork between partners.|Can be adapted with props for comfort and accessibility.,Move slowly at first and adjust posture to avoid joint strain.|Use steady breathing to stay relaxed and coordinated.|Hydrate and take breaks as needed.,,,,,,373-kitchen.png,,,,,,false,true,true
374-inseminator,374 Inseminator,Illustrated 374 Inseminator position with comfort-first guidance.,"Confirm mutual consent and boundaries before starting.
Choose a stable, comfortable surface and add support cushions if needed.
Align your bodies slowly and adjust angles for comfort and stability.
Pause to check in and stop immediately if there is pain or discomfort.",positions,intermediate,medium,some,positions|374|inseminator,Encourages communication and teamwork between partners.|Can be adapted with props for comfort and accessibility.,Move slowly at first and adjust posture to avoid joint strain.|Use steady breathing to stay relaxed and coordinated.|Hydrate and take breaks as needed.,,,,,,374-inseminator.png,,,,,,false,true,true
375-amazing-meeting,375 Amazing Meeting,Illustrated 375 Amazing Meeting position with comfort-first guidance.,"Confirm mutual consent and boundaries before starting.
Choose a stable, comfortable surface and add support cushions if needed.
Align your bodies slowly and adjust angles for comfort and stability.
Pause to check in and stop immediately if there is pain or discomfort.",positions,intermediate,medium,some,positions|375|amazing|meeting,Encourages communication and teamwork between partners.|Can be adapted with props for comfort and accessibility.,Move slowly at first and adjust posture to avoid joint strain.|Use steady breathing to stay relaxed and coordinated.|Hydrate and take breaks as needed.,,,,,,375-amazing-meeting.png,,,,,,false,true,true
376-fairy,376 Fairy,Illustrated 376 Fairy position with comfort-first guidance.,"Confirm mutual consent and boundaries before starting.
Choose a stable, comfortable surface and add support cushions if needed.
Align your bodies slowly and adjust angles for comfort and stability.
Pause to check in and stop immediately if there is pain or discomfort.",positions,intermediate,medium,some,positions|376|fairy,Encourages communication and teamwork between partners.|Can be adapted with props for comfort and accessibility.,Move slowly at first and adjust posture to avoid joint strain.|Use steady breathing to stay relaxed and coordinated.|Hydrate and take breaks as needed.,,,,,,376-fairy.png,,,,,,false,true,true
377-wedge,377 Wedge,Illustrated 377 Wedge position with comfort-first guidance.,"Confirm mutual consent and boundaries before starting.
Choose a stable, comfortable surface and add support cushions if needed.
Align your bodies slowly and adjust angles for comfort and stability.
Pause to check in and stop immediately if there is pain or discomfort.",positions,intermediate,medium,some,positions|377|wedge,Encourages communication and teamwork between partners.|Can be adapted with props for comfort and accessibility.,Move slowly at first and adjust posture to avoid joint strain.|Use steady breathing to stay relaxed and coordinated.|Hydrate and take breaks as needed.,,,,,,377-wedge.png,,,,,,false,true,true
378-air-rider,378 Air Rider,Illustrated 378 Air Rider position with comfort-first guidance.,"Confirm mutual consent and boundaries before starting.
Choose a stable, comfortable surface and add support cushions if needed.
Align your bodies slowly and adjust angles for comfort and stability.
Pause to check in and stop immediately if there is pain or discomfort.",positions,intermediate,medium,some,positions|378|air|rider,Encourages communication and teamwork between partners.|Can be adapted with props for comfort and accessibility.,Move slowly at first and adjust posture to avoid joint strain.|Use steady breathing to stay relaxed and coordinated.|Hydrate and take breaks as needed.,,,,,,378-air-rider.png,,,,,,false,true,true
379-master,379 Master,Illustrated 379 Master position with comfort-first guidance.,"Confirm mutual consent and boundaries before starting.
Choose a stable, comfortable surface and add support cushions if needed.
Align your bodies slowly and adjust angles for comfort and stability.
Pause to check in and stop immediately if there is pain or discomfort.",positions,intermediate,medium,some,positions|379|master,Encourages communication and teamwork between partners.|Can be adapted with props for comfort and accessibility.,Move slowly at first and adjust posture to avoid joint strain.|Use steady breathing to stay relaxed and coordinated.|Hydrate and take breaks as needed.,,,,,,379-master.png,,,,,,false,true,true
38-soldier,38 Soldier,Illustrated 38 Soldier position with comfort-first guidance.,"Confirm mutual consent and boundaries before starting.
Choose a stable, comfortable surface and add support cushions if needed.
Align your bodies slowly and adjust angles for comfort and stability.
Pause to check in and stop immediately if there is pain or discomfort.",positions,intermediate,medium,some,positions|38|soldier,Encourages communication and teamwork between partners.|Can be adapted with props for comfort and accessibility.,Move slowly at first and adjust posture to avoid joint strain.|Use steady breathing to stay relaxed and coordinated.|Hydrate and take breaks as needed.,,,,,,38-soldier.png,,,,,,false,true,true
380-apologies,380 Apologies,Illustrated 380 Apologies position with comfort-first guidance.,"Confirm mutual consent and boundaries before starting.
Choose a stable, comfortable surface and add support cushions if needed.
Align your bodies slowly and adjust angles for comfort and stability.
Pause to check in and stop immediately if there is pain or discomfort.",positions,intermediate,medium,some,positions|380|apologies,Encourages communication and teamwork between partners.|Can be adapted with props for comfort and accessibility.,Move slowly at first and adjust posture to avoid joint strain.|Use steady breathing to stay relaxed and coordinated.|Hydrate and take breaks as needed.,,,,,,380-apologies.png,,,,,,false,true,true
381-conqueror,381 Conqueror,Illustrated 381 Conqueror position with comfort-first guidance.,"Confirm mutual consent and boundaries before starting.
Choose a stable, comfortable surface and add support cushions if needed.
Align your bodies slowly and adjust angles for comfort and stability.
Pause to check in and stop immediately if there is pain or discomfort.",positions,intermediate,medium,some,positions|381|conqueror,Encourages communication and teamwork between partners.|Can be adapted with props for comfort and accessibility.,Move slowly at first and adjust posture to avoid joint strain.|Use steady breathing to stay relaxed and coordinated.|Hydrate and take breaks as needed.,,,,,,381-conqueror.png,,,,,,false,true,true
382-screw,382 Screw,Illustrated 382 Screw position with comfort-first guidance.,"Confirm mutual consent and boundaries before starting.
Choose a stable, comfortable surface and add support cushions if needed.
Align your bodies slowly and adjust angles for comfort and stability.
Pause to check in and stop immediately if there is pain or discomfort.",positions,intermediate,medium,some,positions|382|screw,Encourages communication and teamwork between partners.|Can be adapted with props for comfort and accessibility.,Move slowly at first and adjust posture to avoid joint strain.|Use steady breathing to stay relaxed and coordinated.|Hydrate and take breaks as needed.,,,,,,382-screw.png,,,,,,false,true,true
383-backrest,383 Backrest,Illustrated 383 Backrest position with comfort-first guidance.,"Confirm mutual consent and boundaries before starting.
Choose a stable, comfortable surface and add support cushions if needed.
Align your bodies slowly and adjust angles for comfort and stability.
Pause to check in and stop immediately if there is pain or discomfort.",positions,intermediate,medium,some,positions|383|backrest,Encourages communication and teamwork between partners.|Can be adapted with props for comfort and accessibility.,Move slowly at first and adjust posture to avoid joint strain.|Use steady breathing to stay relaxed and coordinated.|Hydrate and take breaks as needed.,,,,,,383-backrest.png,,,,,,false,true,true
384-slide,384 Slide,Illustrated 384 Slide position with comfort-first guidance.,"Confirm mutual consent and boundaries before starting.
Choose a stable, comfortable surface and add support cushions if needed.
Align your bodies slowly and adjust angles for comfort and stability.
Pause to check in and stop immediately if there is pain or discomfort.",positions,intermediate,medium,some,positions|384|slide,Encourages communication and teamwork between partners.|Can be adapted with props for comfort and accessibility.,Move slowly at first and adjust posture to avoid joint strain.|Use steady breathing to stay relaxed and coordinated.|Hydrate and take breaks as needed.,,,,,,384-slide.png,,,,,,false,true,true
385-razy-blowjob,385 Razy Blowjob,Illustrated 385 Razy Blowjob position with comfort-first guidance.,"Confirm mutual consent and boundaries before starting.
Choose a stable, comfortable surface and add support cushions if needed.
Align your bodies slowly and adjust angles for comfort and stability.
Pause to check in and stop immediately if there is pain or discomfort.",positions,intermediate,medium,some,positions|385|razy|blowjob,Encourages communication and teamwork between partners.|Can be adapted with props for comfort and accessibility.,Move slowly at first and adjust posture to avoid joint strain.|Use steady breathing to stay relaxed and coordinated.|Hydrate and take breaks as needed.,,,,,,385-razy-blowjob.png,,,,,,false,true,true
386-chinese-art,386 Chinese Art,Illustrated 386 Chinese Art position with comfort-first guidance.,"Confirm mutual consent and boundaries before starting.
Choose a stable, comfortable surface and add support cushions if needed.
Align your bodies slowly and adjust angles for comfort and stability.
Pause to check in and stop immediately if there is pain or discomfort.",positions,intermediate,medium,some,positions|386|chinese|art,Encourages communication and teamwork between partners.|Can be adapted with props for comfort and accessibility.,Move slowly at first and adjust posture to avoid joint strain.|Use steady breathing to stay relaxed and coordinated.|Hydrate and take breaks as needed.,,,,,,386-chinese-art.png,,,,,,false,true,true
387-legs-in-the-air,387 Legs In The Air,Illustrated 387 Legs In The Air position with comfort-first guidance.,"Confirm mutual consent and boundaries before starting.
Choose a stable, comfortable surface and add support cushions if needed.
Align your bodies slowly and adjust angles for comfort and stability.
Pause to check in and stop immediately if there is pain or discomfort.",positions,intermediate,medium,some,positions|387|legs|in|the|air,Encourages communication and teamwork between partners.|Can be adapted with props for comfort and accessibility.,Move slowly at first and adjust posture to avoid joint strain.|Use steady breathing to stay relaxed and coordinated.|Hydrate and take breaks as needed.,,,,,,387-legs-in-the-air.png,,,,,,false,true,true
388-need-for-speed,388 Need For Speed,Illustrated 388 Need For Speed position with comfort-first guidance.,"Confirm mutual consent and boundaries before starting.
Choose a stable, comfortable surface and add support cushions if needed.
Align your bodies slowly and adjust angles for comfort and stability.
Pause to check in and stop immediately if there is pain or discomfort.",positions,intermediate,medium,some,positions|388|need|for|speed,Encourages communication and teamwork between partners.|Can be adapted with props for comfort and accessibility.,Move slowly at first and adjust posture to avoid joint strain.|Use steady breathing to stay relaxed and coordinated.|Hydrate and take breaks as needed.,,,,,,388-need-for-speed.png,,,,,,false,true,true
389-hunger,389 Hunger,Illustrated 389 Hunger position with comfort-first guidance.,"Confirm mutual consent and boundaries before starting.
Choose a stable, comfortable surface and add support cushions if needed.
Align your bodies slowly and adjust angles for comfort and stability.
Pause to check in and stop immediately if there is pain or discomfort.",positions,intermediate,medium,some,positions|389|hunger,Encourages communication and teamwork between partners.|Can be adapted with props for comfort and accessibility.,Move slowly at first and adjust posture to avoid joint strain.|Use steady breathing to stay relaxed and coordinated.|Hydrate and take breaks as needed.,,,,,,389-hunger.png,,,,,,false,true,true
39-bizet,39 Bizet,Illustrated 39 Bizet position with comfort-first guidance.,"Confirm mutual consent and boundaries before starting.
Choose a stable, comfortable surface and add support cushions if needed.
Align your bodies slowly and adjust angles for comfort and stability.
Pause to check in and stop immediately if there is pain or discomfort.",positions,intermediate,medium,some,positions|39|bizet,Encourages communication and teamwork between partners.|Can be adapted with props for comfort and accessibility.,Move slowly at first and adjust posture to avoid joint strain.|Use steady breathing to stay relaxed and coordinated.|Hydrate and take breaks as needed.,,,,,,39-bizet.png,,,,,,false,true,true
390-playboy,390 Playboy,Illustrated 390 Playboy position with comfort-first guidance.,"Confirm mutual consent and boundaries before starting.
Choose a stable, comfortable surface and add support cushions if needed.
Align your bodies slowly and adjust angles for comfort and stability.
Pause to check in and stop immediately if there is pain or discomfort.",positions,intermediate,medium,some,positions|390|playboy,Encourages communication and teamwork between partners.|Can be adapted with props for comfort and accessibility.,Move slowly at first and adjust posture to avoid joint strain.|Use steady breathing to stay relaxed and coordinated.|Hydrate and take breaks as needed.,,,,,,390-playboy.png,,,,,,false,true,true
391-ebony,391 Ebony,Illustrated 391 Ebony position with comfort-first guidance.,"Confirm mutual consent and boundaries before starting.
Choose a stable, comfortable surface and add support cushions if needed.
Align your bodies slowly and adjust angles for comfort and stability.
Pause to check in and stop immediately if there is pain or discomfort.",positions,intermediate,medium,some,positions|391|ebony,Encourages communication and teamwork between partners.|Can be adapted with props for comfort and accessibility.,Move slowly at first and adjust posture to avoid joint strain.|Use steady breathing to stay relaxed and coordinated.|Hydrate and take breaks as needed.,,,,,,391-ebony.png,,,,,,false,true,true
392-coffee-table,392 Coffee Table,Illustrated 392 Coffee Table position with comfort-first guidance.,"Confirm mutual consent and boundaries before starting.
Choose a stable, comfortable surface and add support cushions if needed.
Align your bodies slowly and adjust angles for comfort and stability.
Pause to check in and stop immediately if there is pain or discomfort.",positions,intermediate,medium,some,positions|392|coffee|table,Encourages communication and teamwork between partners.|Can be adapted with props for comfort and accessibility.,Move slowly at first and adjust posture to avoid joint strain.|Use steady breathing to stay relaxed and coordinated.|Hydrate and take breaks as needed.,,,,,,392-coffee-table.png,,,,,,false,true,true
393-erotic-poster,393 Erotic Poster,Illustrated 393 Erotic Poster position with comfort-first guidance.,"Confirm mutual consent and boundaries before starting.
Choose a stable, comfortable surface and add support cushions if needed.
Align your bodies slowly and adjust angles for comfort and stability.
Pause to check in and stop immediately if there is pain or discomfort.",positions,intermediate,medium,some,positions|393|erotic|poster,Encourages communication and teamwork between partners.|Can be adapted with props for comfort and accessibility.,Move slowly at first and adjust posture to avoid joint strain.|Use steady breathing to stay relaxed and coordinated.|Hydrate and take breaks as needed.,,,,,,393-erotic-poster.png,,,,,,false,true,true
394-cowgirl-on-the-table,394 Cowgirl On The Table,Illustrated 394 Cowgirl On The Table position with comfort-first guidance.,"Confirm mutual consent and boundaries before starting.
Choose a stable, comfortable surface and add support cushions if needed.
Align your bodies slowly and adjust angles for comfort and stability.
Pause to check in and stop immediately if there is pain or discomfort.",positions,intermediate,medium,some,positions|394|cowgirl|on|the|table,Encourages communication and teamwork between partners.|Can be adapted with props for comfort and accessibility.,Move slowly at first and adjust posture to avoid joint strain.|Use steady breathing to stay relaxed and coordinated.|Hydrate and take breaks as needed.,,,,,,394-cowgirl-on-the-table.png,,,,,,false,true,true
395-dirty-sanchez,395 Dirty Sanchez,Illustrated 395 Dirty Sanchez position with comfort-first guidance.,"Confirm mutual consent and boundaries before starting.
Choose a stable, comfortable surface and add support cushions if needed.
Align your bodies slowly and adjust angles for comfort and stability.
Pause to check in and stop immediately if there is pain or discomfort.",positions,intermediate,medium,some,positions|395|dirty|sanchez,Encourages communication and teamwork between partners.|Can be adapted with props for comfort and accessibility.,Move slowly at first and adjust posture to avoid joint strain.|Use steady breathing to stay relaxed and coordinated.|Hydrate and take breaks as needed.,,,,,,395-dirty-sanchez.png,,,,,,false,true,true
396-dive,396 Dive,Illustrated 396 Dive position with comfort-first guidance.,"Confirm mutual consent and boundaries before starting.
Choose a stable, comfortable surface and add support cushions if needed.
Align your bodies slowly and adjust angles for comfort and stability.
Pause to check in and stop immediately if there is pain or discomfort.",positions,intermediate,medium,some,positions|396|dive,Encourages communication and teamwork between partners.|Can be adapted with props for comfort and accessibility.,Move slowly at first and adjust posture to avoid joint strain.|Use steady breathing to stay relaxed and coordinated.|Hydrate and take breaks as needed.,,,,,,396-dive.png,,,,,,false,true,true
397-abyss,397 Abyss,Illustrated 397 Abyss position with comfort-first guidance.,"Confirm mutual consent and boundaries before starting.
Choose a stable, comfortable surface and add support cushions if needed.
Align your bodies slowly and adjust angles for comfort and stability.
Pause to check in and stop immediately if there is pain or discomfort.",positions,intermediate,medium,some,positions|397|abyss,Encourages communication and teamwork between partners.|Can be adapted with props for comfort and accessibility.,Move slowly at first and adjust posture to avoid joint strain.|Use steady breathing to stay relaxed and coordinated.|Hydrate and take breaks as needed.,,,,,,397-abyss.png,,,,,,false,true,true
398-night-fly,398 Night Fly,Illustrated 398 Night Fly position with comfort-first guidance.,"Confirm mutual consent and boundaries before starting.
Choose a stable, comfortable surface and add support cushions if needed.
Align your bodies slowly and adjust angles for comfort and stability.
Pause to check in and stop immediately if there is pain or discomfort.",positions,intermediate,medium,some,positions|398|night|fly,Encourages communication and teamwork between partners.|Can be adapted with props for comfort and accessibility.,Move slowly at first and adjust posture to avoid joint strain.|Use steady breathing to stay relaxed and coordinated.|Hydrate and take breaks as needed.,,,,,,398-night-fly.png,,,,,,false,true,true
399-sweet-sin,399 Sweet Sin,Illustrated 399 Sweet Sin position with comfort-first guidance.,"Confirm mutual consent and boundaries before starting.
Choose a stable, comfortable surface and add support cushions if needed.
Align your bodies slowly and adjust angles for comfort and stability.
Pause to check in and stop immediately if there is pain or discomfort.",positions,intermediate,medium,some,positions|399|sweet|sin,Encourages communication and teamwork between partners.|Can be adapted with props for comfort and accessibility.,Move slowly at first and adjust posture to avoid joint strain.|Use steady breathing to stay relaxed and coordinated.|Hydrate and take breaks as needed.,,,,,,399-sweet-sin.png,,,,,,false,true,true
4-clapper,4 Clapper,Illustrated 4 Clapper position with comfort-first guidance.,"Confirm mutual consent and boundaries before starting.
Choose a stable, comfortable surface and add support cushions if needed.
Align your bodies slowly and adjust angles for comfort and stability.
Pause to check in and stop immediately if there is pain or discomfort.",positions,intermediate,medium,some,positions|clapper,Encourages communication and teamwork between partners.|Can be adapted with props for comfort and accessibility.,Move slowly at first and adjust posture to avoid joint strain.|Use steady breathing to stay relaxed and coordinated.|Hydrate and take breaks as needed.,,,,,,4-clapper.png,,,,,,false,true,true
40-crouching-tiger,40 Crouching Tiger,Illustrated 40 Crouching Tiger position with comfort-first guidance.,"Confirm mutual consent and boundaries before starting.
Choose a stable, comfortable surface and add support cushions if needed.
Align your bodies slowly and adjust angles for comfort and stability.
Pause to check in and stop immediately if there is pain or discomfort.",positions,intermediate,medium,some,positions|40|crouching|tiger,Encourages communication and teamwork between partners.|Can be adapted with props for comfort and accessibility.,Move slowly at first and adjust posture to avoid joint strain.|Use steady breathing to stay relaxed and coordinated.|Hydrate and take breaks as needed.,,,,,,40-crouching-tiger.png,,,,,,false,true,true
400-orgazm-generator,400 Orgazm Generator,Illustrated 400 Orgazm Generator position with comfort-first guidance.,"Confirm mutual consent and boundaries before starting.
Choose a stable, comfortable surface and add support cushions if needed.
Align your bodies slowly and adjust angles for comfort and stability.
Pause to check in and stop immediately if there is pain or discomfort.",positions,intermediate,medium,some,positions|400|orgazm|generator,Encourages communication and teamwork between partners.|Can be adapted with props for comfort and accessibility.,Move slowly at first and adjust posture to avoid joint strain.|Use steady breathing to stay relaxed and coordinated.|Hydrate and take breaks as needed.,,,,,,400-orgazm-generator.png,,,,,,false,true,true
401-titanic-2,401 Titanic 2,Illustrated 401 Titanic 2 position with comfort-first guidance.,"Confirm mutual consent and boundaries before starting.
Choose a stable, comfortable surface and add support cushions if needed.
Align your bodies slowly and adjust angles for comfort and stability.
Pause to check in and stop immediately if there is pain or discomfort.",positions,intermediate,medium,some,positions|401|titanic,Encourages communication and teamwork between partners.|Can be adapted with props for comfort and accessibility.,Move slowly at first and adjust posture to avoid joint strain.|Use steady breathing to stay relaxed and coordinated.|Hydrate and take breaks as needed.,,,,,,401-titanic-2.png,,,,,,false,true,true
402-hummingbird,402 Hummingbird,Illustrated 402 Hummingbird position with comfort-first guidance.,"Confirm mutual consent and boundaries before starting.
Choose a stable, comfortable surface and add support cushions if needed.
Align your bodies slowly and adjust angles for comfort and stability.
Pause to check in and stop immediately if there is pain or discomfort.",positions,intermediate,medium,some,positions|402|hummingbird,Encourages communication and teamwork between partners.|Can be adapted with props for comfort and accessibility.,Move slowly at first and adjust posture to avoid joint strain.|Use steady breathing to stay relaxed and coordinated.|Hydrate and take breaks as needed.,,,,,,402-hummingbird.png,,,,,,false,true,true
403-rare-trick,403 Rare Trick,Illustrated 403 Rare Trick position with comfort-first guidance.,"Confirm mutual consent and boundaries before starting.
Choose a stable, comfortable surface and add support cushions if needed.
Align your bodies slowly and adjust angles for comfort and stability.
Pause to check in and stop immediately if there is pain or discomfort.",positions,intermediate,medium,some,positions|403|rare|trick,Encourages communication and teamwork between partners.|Can be adapted with props for comfort and accessibility.,Move slowly at first and adjust posture to avoid joint strain.|Use steady breathing to stay relaxed and coordinated.|Hydrate and take breaks as needed.,,,,,,403-rare-trick.png,,,,,,false,true,true
404-close-breathing,404 Close Breathing,Illustrated 404 Close Breathing position with comfort-first guidance.,"Confirm mutual consent and boundaries before starting.
Choose a stable, comfortable surface and add support cushions if needed.
Align your bodies slowly and adjust angles for comfort and stability.
Pause to check in and stop immediately if there is pain or discomfort.",positions,intermediate,high,some,positions|404|close|breathing,Encourages communication and teamwork between partners.|Can be adapted with props for comfort and accessibility.|Supports closeness and eye contact.,Move slowly at first and adjust posture to avoid joint strain.|Use steady breathing to stay relaxed and coordinated.|Hydrate and take breaks as needed.,,,,,,404-close-breathing.png,,,,,,false,true,true
405-inventive-69,405 Inventive 69,Illustrated 405 Inventive 69 position with comfort-first guidance.,"Confirm mutual consent and boundaries before starting.
Choose a stable, comfortable surface and add support cushions if needed.
Align your bodies slowly and adjust angles for comfort and stability.
Pause to check in and stop immediately if there is pain or discomfort.",positions,intermediate,medium,some,positions|405|inventive|69,Encourages communication and teamwork between partners.|Can be adapted with props for comfort and accessibility.,Move slowly at first and adjust posture to avoid joint strain.|Use steady breathing to stay relaxed and coordinated.|Hydrate and take breaks as needed.,,,,,,405-inventive-69.png,,,,,,false,true,true
406-oasis,406 Oasis,Illustrated 406 Oasis position with comfort-first guidance.,"Confirm mutual consent and boundaries before starting.
Choose a stable, comfortable surface and add support cushions if needed.
Align your bodies slowly and adjust angles for comfort and stability.
Pause to check in and stop immediately if there is pain or discomfort.",positions,intermediate,medium,some,positions|406|oasis,Encourages communication and teamwork between partners.|Can be adapted with props for comfort and accessibility.,Move slowly at first and adjust posture to avoid joint strain.|Use steady breathing to stay relaxed and coordinated.|Hydrate and take breaks as needed.,,,,,,406-oasis.png,,,,,,false,true,true
407-amateur,407 Amateur,Illustrated 407 Amateur position with comfort-first guidance.,"Confirm mutual consent and boundaries before starting.
Choose a stable, comfortable surface and add support cushions if needed.
Align your bodies slowly and adjust angles for comfort and stability.
Pause to check in and stop immediately if there is pain or discomfort.",positions,intermediate,medium,some,positions|407|amateur,Encourages communication and teamwork between partners.|Can be adapted with props for comfort and accessibility.,Move slowly at first and adjust posture to avoid joint strain.|Use steady breathing to stay relaxed and coordinated.|Hydrate and take breaks as needed.,,,,,,407-amateur.png,,,,,,false,true,true
408-holiday,408 Holiday,Illustrated 408 Holiday position with comfort-first guidance.,"Confirm mutual consent and boundaries before starting.
Choose a stable, comfortable surface and add support cushions if needed.
Align your bodies slowly and adjust angles for comfort and stability.
Pause to check in and stop immediately if there is pain or discomfort.",positions,intermediate,medium,some,positions|408|holiday,Encourages communication and teamwork between partners.|Can be adapted with props for comfort and accessibility.,Move slowly at first and adjust posture to avoid joint strain.|Use steady breathing to stay relaxed and coordinated.|Hydrate and take breaks as needed.,,,,,,408-holiday.png,,,,,,false,true,true
409-punishment,409 Punishment,Illustrated 409 Punishment position with comfort-first guidance.,"Confirm mutual consent and boundaries before starting.
Choose a stable, comfortable surface and add support cushions if needed.
Align your bodies slowly and adjust angles for comfort and stability.
Pause to check in and stop immediately if there is pain or discomfort.",positions,intermediate,medium,some,positions|409|punishment,Encourages communication and teamwork between partners.|Can be adapted with props for comfort and accessibility.,Move slowly at first and adjust posture to avoid joint strain.|Use steady breathing to stay relaxed and coordinated.|Hydrate and take breaks as needed.,,,,,,409-punishment.png,,,,,,false,true,true
41-nun,41 Nun,Illustrated 41 Nun position with comfort-first guidance.,"Confirm mutual consent and boundaries before starting.
Choose a stable, comfortable surface and add support cushions if needed.
Align your bodies slowly and adjust angles for comfort and stability.
Pause to check in and stop immediately if there is pain or discomfort.",positions,intermediate,medium,some,positions|41|nun,Encourages communication and teamwork between partners.|Can be adapted with props for comfort and accessibility.,Move slowly at first and adjust posture to avoid joint strain.|Use steady breathing to stay relaxed and coordinated.|Hydrate and take breaks as needed.,,,,,,41-nun.png,,,,,,false,true,true
410-riverside,410 Riverside,Illustrated 410 Riverside position with comfort-first guidance.,"Confirm mutual consent and boundaries before starting.
Choose a stable, comfortable surface and add support cushions if needed.
Align your bodies slowly and adjust angles for comfort and stability.
Pause to check in and stop immediately if there is pain or discomfort.",positions,intermediate,medium,some,positions|410|riverside,Encourages communication and teamwork between partners.|Can be adapted with props for comfort and accessibility.,Move slowly at first and adjust posture to avoid joint strain.|Use steady breathing to stay relaxed and coordinated.|Hydrate and take breaks as needed.,,,,,,410-riverside.png,,,,,,false,true,true
411-triceratops,411 Triceratops,Illustrated 411 Triceratops position with comfort-first guidance.,"Confirm mutual consent and boundaries before starting.
Choose a stable, comfortable surface and add support cushions if needed.
Align your bodies slowly and adjust angles for comfort and stability.
Pause to check in and stop immediately if there is pain or discomfort.",positions,intermediate,medium,some,positions|411|triceratops,Encourages communication and teamwork between partners.|Can be adapted with props for comfort and accessibility.,Move slowly at first and adjust posture to avoid joint strain.|Use steady breathing to stay relaxed and coordinated.|Hydrate and take breaks as needed.,,,,,,411-triceratops.png,,,,,,false,true,true
412-adventurer,412 Adventurer,Illustrated 412 Adventurer position with comfort-first guidance.,"Confirm mutual consent and boundaries before starting.
Choose a stable, comfortable surface and add support cushions if needed.
Align your bodies slowly and adjust angles for comfort and stability.
Pause to check in and stop immediately if there is pain or discomfort.",positions,intermediate,medium,some,positions|412|adventurer,Encourages communication and teamwork between partners.|Can be adapted with props for comfort and accessibility.,Move slowly at first and adjust posture to avoid joint strain.|Use steady breathing to stay relaxed and coordinated.|Hydrate and take breaks as needed.,,,,,,412-adventurer.png,,,,,,false,true,true
413-full-nelson,413 Full Nelson,Illustrated 413 Full Nelson position with comfort-first guidance.,"Confirm mutual consent and boundaries before starting.
Choose a stable, comfortable surface and add support cushions if needed.
Align your bodies slowly and adjust angles for comfort and stability.
Pause to check in and stop immediately if there is pain or discomfort.",positions,intermediate,medium,some,positions|413|full|nelson,Encourages communication and teamwork between partners.|Can be adapted with props for comfort and accessibility.,Move slowly at first and adjust posture to avoid joint strain.|Use steady breathing to stay relaxed and coordinated.|Hydrate and take breaks as needed.,,,,,,413-full-nelson.png,,,,,,false,true,true
414-mexican-style,414 Mexican Style,Illustrated 414 Mexican Style position with comfort-first guidance.,"Confirm mutual consent and boundaries before starting.
Choose a stable, comfortable surface and add support cushions if needed.
Align your bodies slowly and adjust angles for comfort and stability.
Pause to check in and stop immediately if there is pain or discomfort.",positions,intermediate,medium,some,positions|414|mexican|style,Encourages communication and teamwork between partners.|Can be adapted with props for comfort and accessibility.,Move slowly at first and adjust posture to avoid joint strain.|Use steady breathing to stay relaxed and coordinated.|Hydrate and take breaks as needed.,,,,,,414-mexican-style.png,,,,,,false,true,true
415-penguin,415 Penguin,Illustrated 415 Penguin position with comfort-first guidance.,"Confirm mutual consent and boundaries before starting.
Choose a stable, comfortable surface and add support cushions if needed.
Align your bodies slowly and adjust angles for comfort and stability.
Pause to check in and stop immediately if there is pain or discomfort.",positions,intermediate,medium,some,positions|415|penguin,Encourages communication and teamwork between partners.|Can be adapted with props for comfort and accessibility.,Move slowly at first and adjust posture to avoid joint strain.|Use steady breathing to stay relaxed and coordinated.|Hydrate and take breaks as needed.,,,,,,415-penguin.png,,,,,,false,true,true
416-equilibrium,416 Equilibrium,Illustrated 416 Equilibrium position with comfort-first guidance.,"Confirm mutual consent and boundaries before starting.
Choose a stable, comfortable surface and add support cushions if needed.
Align your bodies slowly and adjust angles for comfort and stability.
Pause to check in and stop immediately if there is pain or discomfort.",positions,intermediate,medium,some,positions|416|equilibrium,Encourages communication and teamwork between partners.|Can be adapted with props for comfort and accessibility.,Move slowly at first and adjust posture to avoid joint strain.|Use steady breathing to stay relaxed and coordinated.|Hydrate and take breaks as needed.,,,,,,416-equilibrium.png,,,,,,false,true,true
417-face-sitting,417 Face Sitting,Illustrated 417 Face Sitting position with comfort-first guidance.,"Confirm mutual consent and boundaries before starting.
Choose a stable, comfortable surface and add support cushions if needed.
Align your bodies slowly and adjust angles for comfort and stability.
Pause to check in and stop immediately if there is pain or discomfort.",positions,intermediate,medium,some,positions|417|face|sitting,Encourages communication and teamwork between partners.|Can be adapted with props for comfort and accessibility.,Move slowly at first and adjust posture to avoid joint strain.|Use steady breathing to stay relaxed and coordinated.|Hydrate and take breaks as needed.,,,,,,417-face-sitting.png,,,,,,false,true,true
418-delicacy,418 Delicacy,Illustrated 418 Delicacy position with comfort-first guidance.,"Confirm mutual consent and boundaries before starting.
Choose a stable, comfortable surface and add support cushions if needed.
Align your bodies slowly and adjust angles for comfort and stability.
Pause to check in and stop immediately if there is pain or discomfort.",positions,intermediate,medium,some,positions|418|delicacy,Encourages communication and teamwork between partners.|Can be adapted with props for comfort and accessibility.,Move slowly at first and adjust posture to avoid joint strain.|Use steady breathing to stay relaxed and coordinated.|Hydrate and take breaks as needed.,,,,,,418-delicacy.png,,,,,,false,true,true
419-v-formation,419 V Formation,Illustrated 419 V Formation position with comfort-first guidance.,"Confirm mutual consent and boundaries before starting.
Choose a stable, comfortable surface and add support cushions if needed.
Align your bodies slowly and adjust angles for comfort and stability.
Pause to check in and stop immediately if there is pain or discomfort.",positions,intermediate,medium,some,positions|419|formation,Encourages communication and teamwork between partners.|Can be adapted with props for comfort and accessibility.,Move slowly at first and adjust posture to avoid joint strain.|Use steady breathing to stay relaxed and coordinated.|Hydrate and take breaks as needed.,,,,,,419-v-formation.png,,,,,,false,true,true
42-fall,42 Fall,Illustrated 42 Fall position with comfort-first guidance.,"Confirm mutual consent and boundaries before starting.
Choose a stable, comfortable surface and add support cushions if needed.
Align your bodies slowly and adjust angles for comfort and stability.
Pause to check in and stop immediately if there is pain or discomfort.",positions,intermediate,medium,some,positions|42|fall,Encourages communication and teamwork between partners.|Can be adapted with props for comfort and accessibility.,Move slowly at first and adjust posture to avoid joint strain.|Use steady breathing to stay relaxed and coordinated.|Hydrate and take breaks as needed.,,,,,,42-fall.png,,,,,,false,true,true
420-straight-line,420 Straight Line,Illustrated 420 Straight Line position with comfort-first guidance.,"Confirm mutual consent and boundaries before starting.
Choose a stable, comfortable surface and add support cushions if needed.
Align your bodies slowly and adjust angles for comfort and stability.
Pause to check in and stop immediately if there is pain or discomfort.",positions,intermediate,medium,some,positions|420|straight|line,Encourages communication and teamwork between partners.|Can be adapted with props for comfort and accessibility.,Move slowly at first and adjust posture to avoid joint strain.|Use steady breathing to stay relaxed and coordinated.|Hydrate and take breaks as needed.,,,,,,420-straight-line.png,,,,,,false,true,true
421-spanish-sunset,421 Spanish Sunset,Illustrated 421 Spanish Sunset position with comfort-first guidance.,"Confirm mutual consent and boundaries before starting.
Choose a stable, comfortable surface and add support cushions if needed.
Align your bodies slowly and adjust angles for comfort and stability.
Pause to check in and stop immediately if there is pain or discomfort.",positions,intermediate,medium,some,positions|421|spanish|sunset,Encourages communication and teamwork between partners.|Can be adapted with props for comfort and accessibility.,Move slowly at first and adjust posture to avoid joint strain.|Use steady breathing to stay relaxed and coordinated.|Hydrate and take breaks as needed.,,,,,,421-spanish-sunset.png,,,,,,false,true,true
422-keeper,422 Keeper,Illustrated 422 Keeper position with comfort-first guidance.,"Confirm mutual consent and boundaries before starting.
Choose a stable, comfortable surface and add support cushions if needed.
Align your bodies slowly and adjust angles for comfort and stability.
Pause to check in and stop immediately if there is pain or discomfort.",positions,intermediate,medium,some,positions|422|keeper,Encourages communication and teamwork between partners.|Can be adapted with props for comfort and accessibility.,Move slowly at first and adjust posture to avoid joint strain.|Use steady breathing to stay relaxed and coordinated.|Hydrate and take breaks as needed.,,,,,,422-keeper.png,,,,,,false,true,true
423-moan,423 Moan,Illustrated 423 Moan position with comfort-first guidance.,"Confirm mutual consent and boundaries before starting.
Choose a stable, comfortable surface and add support cushions if needed.
Align your bodies slowly and adjust angles for comfort and stability.
Pause to check in and stop immediately if there is pain or discomfort.",positions,intermediate,medium,some,positions|423|moan,Encourages communication and teamwork between partners.|Can be adapted with props for comfort and accessibility.,Move slowly at first and adjust posture to avoid joint strain.|Use steady breathing to stay relaxed and coordinated.|Hydrate and take breaks as needed.,,,,,,423-moan.png,,,,,,false,true,true
424-tugboat,424 Tugboat,Illustrated 424 Tugboat position with comfort-first guidance.,"Confirm mutual consent and boundaries before starting.
Choose a stable, comfortable surface and add support cushions if needed.
Align your bodies slowly and adjust angles for comfort and stability.
Pause to check in and stop immediately if there is pain or discomfort.",positions,intermediate,medium,some,positions|424|tugboat,Encourages communication and teamwork between partners.|Can be adapted with props for comfort and accessibility.,Move slowly at first and adjust posture to avoid joint strain.|Use steady breathing to stay relaxed and coordinated.|Hydrate and take breaks as needed.,,,,,,424-tugboat.png,,,,,,false,true,true
425-nosedive,425 Nosedive,Illustrated 425 Nosedive position with comfort-first guidance.,"Confirm mutual consent and boundaries before starting.
Choose a stable, comfortable surface and add support cushions if needed.
Align your bodies slowly and adjust angles for comfort and stability.
Pause to check in and stop immediately if there is pain or discomfort.",positions,intermediate,medium,some,positions|425|nosedive,Encourages communication and teamwork between partners.|Can be adapted with props for comfort and accessibility.,Move slowly at first and adjust posture to avoid joint strain.|Use steady breathing to stay relaxed and coordinated.|Hydrate and take breaks as needed.,,,,,,425-nosedive.png,,,,,,false,true,true
426-barbie,426 Barbie,Illustrated 426 Barbie position with comfort-first guidance.,"Confirm mutual consent and boundaries before starting.
Choose a stable, comfortable surface and add support cushions if needed.
Align your bodies slowly and adjust angles for comfort and stability.
Pause to check in and stop immediately if there is pain or discomfort.",positions,intermediate,medium,some,positions|426|barbie,Encourages communication and teamwork between partners.|Can be adapted with props for comfort and accessibility.,Move slowly at first and adjust posture to avoid joint strain.|Use steady breathing to stay relaxed and coordinated.|Hydrate and take breaks as needed.,,,,,,426-barbie.png,,,,,,false,true,true
427-star-wars,427 Star Wars,Illustrated 427 Star Wars position with comfort-first guidance.,"Confirm mutual consent and boundaries before starting.
Choose a stable, comfortable surface and add support cushions if needed.
Align your bodies slowly and adjust angles for comfort and stability.
Pause to check in and stop immediately if there is pain or discomfort.",positions,intermediate,medium,some,positions|427|star|wars,Encourages communication and teamwork between partners.|Can be adapted with props for comfort and accessibility.,Move slowly at first and adjust posture to avoid joint strain.|Use steady breathing to stay relaxed and coordinated.|Hydrate and take breaks as needed.,,,,,,427-star-wars.png,,,,,,false,true,true
428-sea-horse,428 Sea Horse,Illustrated 428 Sea Horse position with comfort-first guidance.,"Confirm mutual consent and boundaries before starting.
Choose a stable, comfortable surface and add support cushions if needed.
Align your bodies slowly and adjust angles for comfort and stability.
Pause to check in and stop immediately if there is pain or discomfort.",positions,intermediate,medium,some,positions|428|sea|horse,Encourages communication and teamwork between partners.|Can be adapted with props for comfort and accessibility.,Move slowly at first and adjust posture to avoid joint strain.|Use steady breathing to stay relaxed and coordinated.|Hydrate and take breaks as needed.,,,,,,428-sea-horse.png,,,,,,false,true,true
429-deep-stick,429 Deep Stick,Illustrated 429 Deep Stick position with comfort-first guidance.,"Confirm mutual consent and boundaries before starting.
Choose a stable, comfortable surface and add support cushions if needed.
Align your bodies slowly and adjust angles for comfort and stability.
Pause to check in and stop immediately if there is pain or discomfort.",positions,intermediate,medium,some,positions|429|deep|stick,Encourages communication and teamwork between partners.|Can be adapted with props for comfort and accessibility.,Move slowly at first and adjust posture to avoid joint strain.|Use steady breathing to stay relaxed and coordinated.|Hydrate and take breaks as needed.,,,,,,429-deep-stick.png,,,,,,false,true,true
43-submissive,43 Submissive,Illustrated 43 Submissive position with comfort-first guidance.,"Confirm mutual consent and boundaries before starting.
Choose a stable, comfortable surface and add support cushions if needed.
Align your bodies slowly and adjust angles for comfort and stability.
Pause to check in and stop immediately if there is pain or discomfort.",positions,intermediate,medium,some,positions|43|submissive,Encourages communication and teamwork between partners.|Can be adapted with props for comfort and accessibility.,Move slowly at first and adjust posture to avoid joint strain.|Use steady breathing to stay relaxed and coordinated.|Hydrate and take breaks as needed.,,,,,,43-submissive.png,,,,,,false,true,true
430-atch,430 Atch,Illustrated 430 Atch position with comfort-first guidance.,"Confirm mutual consent and boundaries before starting.
Choose a stable, comfortable surface and add support cushions if needed.
Align your bodies slowly and adjust angles for comfort and stability.
Pause to check in and stop immediately if there is pain or discomfort.",positions,intermediate,medium,some,positions|430|atch,Encourages communication and teamwork between partners.|Can be adapted with props for comfort and accessibility.,Move slowly at first and adjust posture to avoid joint strain.|Use steady breathing to stay relaxed and coordinated.|Hydrate and take breaks as needed.,,,,,,430-atch.png,,,,,,false,true,true
431-ar-mechanic,431 Ar Mechanic,Illustrated 431 Ar Mechanic position with comfort-first guidance.,"Confirm mutual consent and boundaries before starting.
Choose a stable, comfortable surface and add support cushions if needed.
Align your bodies slowly and adjust angles for comfort and stability.
Pause to check in and stop immediately if there is pain or discomfort.",positions,intermediate,medium,some,positions|431|ar|mechanic,Encourages communication and teamwork between partners.|Can be adapted with props for comfort and accessibility.,Move slowly at first and adjust posture to avoid joint strain.|Use steady breathing to stay relaxed and coordinated.|Hydrate and take breaks as needed.,,,,,,431-ar-mechanic.png,,,,,,false,true,true
432-fireworks,432 Fireworks,Illustrated 432 Fireworks position with comfort-first guidance.,"Confirm mutual consent and boundaries before starting.
Choose a stable, comfortable surface and add support cushions if needed.
Align your bodies slowly and adjust angles for comfort and stability.
Pause to check in and stop immediately if there is pain or discomfort.",positions,intermediate,medium,some,positions|432|fireworks,Encourages communication and teamwork between partners.|Can be adapted with props for comfort and accessibility.,Move slowly at first and adjust posture to avoid joint strain.|Use steady breathing to stay relaxed and coordinated.|Hydrate and take breaks as needed.,,,,,,432-fireworks.png,,,,,,false,true,true
433-bung,433 Bung,Illustrated 433 Bung position with comfort-first guidance.,"Confirm mutual consent and boundaries before starting.
Choose a stable, comfortable surface and add support cushions if needed.
Align your bodies slowly and adjust angles for comfort and stability.
Pause to check in and stop immediately if there is pain or discomfort.",positions,intermediate,medium,some,positions|433|bung,Encourages communication and teamwork between partners.|Can be adapted with props for comfort and accessibility.,Move slowly at first and adjust posture to avoid joint strain.|Use steady breathing to stay relaxed and coordinated.|Hydrate and take breaks as needed.,,,,,,433-bung.png,,,,,,false,true,true
434-titanic,434 Titanic,Illustrated 434 Titanic position with comfort-first guidance.,"Confirm mutual consent and boundaries before starting.
Choose a stable, comfortable surface and add support cushions if needed.
Align your bodies slowly and adjust angles for comfort and stability.
Pause to check in and stop immediately if there is pain or discomfort.",positions,intermediate,medium,some,positions|434|titanic,Encourages communication and teamwork between partners.|Can be adapted with props for comfort and accessibility.,Move slowly at first and adjust posture to avoid joint strain.|Use steady breathing to stay relaxed and coordinated.|Hydrate and take breaks as needed.,,,,,,434-titanic.png,,,,,,false,true,true
435-sweet-pussy,435 Sweet Pussy,Illustrated 435 Sweet Pussy position with comfort-first guidance.,"Confirm mutual consent and boundaries before starting.
Choose a stable, comfortable surface and add support cushions if needed.
Align your bodies slowly and adjust angles for comfort and stability.
Pause to check in and stop immediately if there is pain or discomfort.",positions,intermediate,medium,some,positions|435|sweet|pussy,Encourages communication and teamwork between partners.|Can be adapted with props for comfort and accessibility.,Move slowly at first and adjust posture to avoid joint strain.|Use steady breathing to stay relaxed and coordinated.|Hydrate and take breaks as needed.,,,,,,435-sweet-pussy.png,,,,,,false,true,true
436-snack,436 Snack,Illustrated 436 Snack position with comfort-first guidance.,"Confirm mutual consent and boundaries before starting.
Choose a stable, comfortable surface and add support cushions if needed.
Align your bodies slowly and adjust angles for comfort and stability.
Pause to check in and stop immediately if there is pain or discomfort.",positions,intermediate,medium,some,positions|436|snack,Encourages communication and teamwork between partners.|Can be adapted with props for comfort and accessibility.,Move slowly at first and adjust posture to avoid joint strain.|Use steady breathing to stay relaxed and coordinated.|Hydrate and take breaks as needed.,,,,,,436-snack.png,,,,,,false,true,true
437-g-force,437 G Force,Illustrated 437 G Force position with comfort-first guidance.,"Confirm mutual consent and boundaries before starting.
Choose a stable, comfortable surface and add support cushions if needed.
Align your bodies slowly and adjust angles for comfort and stability.
Pause to check in and stop immediately if there is pain or discomfort.",positions,intermediate,medium,some,positions|437|force,Encourages communication and teamwork between partners.|Can be adapted with props for comfort and accessibility.,Move slowly at first and adjust posture to avoid joint strain.|Use steady breathing to stay relaxed and coordinated.|Hydrate and take breaks as needed.,,,,,,437-g-force.png,,,,,,false,true,true
438-magic-carpet,438 Magic Carpet,Illustrated 438 Magic Carpet position with comfort-first guidance.,"Confirm mutual consent and boundaries before starting.
Choose a stable, comfortable surface and add support cushions if needed.
Align your bodies slowly and adjust angles for comfort and stability.
Pause to check in and stop immediately if there is pain or discomfort.",positions,intermediate,medium,some,positions|438|magic|carpet,Encourages communication and teamwork between partners.|Can be adapted with props for comfort and accessibility.,Move slowly at first and adjust posture to avoid joint strain.|Use steady breathing to stay relaxed and coordinated.|Hydrate and take breaks as needed.,,,,,,438-magic-carpet.png,,,,,,false,true,true
439-cowgirl-on-the-chair,439 Cowgirl On The Chair,Illustrated 439 Cowgirl On The Chair position with comfort-first guidance.,"Confirm mutual consent and boundaries before starting.
Choose a stable, comfortable surface and add support cushions if needed.
Align your bodies slowly and adjust angles for comfort and stability.
Pause to check in and stop immediately if there is pain or discomfort.",positions,intermediate,medium,some,positions|439|cowgirl|on|the|chair,Encourages communication and teamwork between partners.|Can be adapted with props for comfort and accessibility.,Move slowly at first and adjust posture to avoid joint strain.|Use steady breathing to stay relaxed and coordinated.|Hydrate and take breaks as needed.,,,,,,439-cowgirl-on-the-chair.png,,,,,,false,true,true
44-casket,44 Casket,Illustrated 44 Casket position with comfort-first guidance.,"Confirm mutual consent and boundaries before starting.
Choose a stable, comfortable surface and add support cushions if needed.
Align your bodies slowly and adjust angles for comfort and stability.
Pause to check in and stop immediately if there is pain or discomfort.",positions,intermediate,medium,some,positions|44|casket,Encourages communication and teamwork between partners.|Can be adapted with props for comfort and accessibility.,Move slowly at first and adjust posture to avoid joint strain.|Use steady breathing to stay relaxed and coordinated.|Hydrate and take breaks as needed.,,,,,,44-casket.png,,,,,,false,true,true
440-thors-hammer,440 Thors Hammer,Illustrated 440 Thors Hammer position with comfort-first guidance.,"Confirm mutual consent and boundaries before starting.
Choose a stable, comfortable surface and add support cushions if needed.
Align your bodies slowly and adjust angles for comfort and stability.
Pause to check in and stop immediately if there is pain or discomfort.",positions,intermediate,medium,some,positions|440|thors|hammer,Encourages communication and teamwork between partners.|Can be adapted with props for comfort and accessibility.,Move slowly at first and adjust posture to avoid joint strain.|Use steady breathing to stay relaxed and coordinated.|Hydrate and take breaks as needed.,,,,,,440-thors-hammer.png,,,,,,false,true,true
441-overturned,441 Overturned,Illustrated 441 Overturned position with comfort-first guidance.,"Confirm mutual consent and boundaries before starting.
Choose a stable, comfortable surface and add support cushions if needed.
Align your bodies slowly and adjust angles for comfort and stability.
Pause to check in and stop immediately if there is pain or discomfort.",positions,intermediate,medium,some,positions|441|overturned,Encourages communication and teamwork between partners.|Can be adapted with props for comfort and accessibility.,Move slowly at first and adjust posture to avoid joint strain.|Use steady breathing to stay relaxed and coordinated.|Hydrate and take breaks as needed.,,,,,,441-overturned.png,,,,,,false,true,true
442-wild-pony,442 Wild Pony,Illustrated 442 Wild Pony position with comfort-first guidance.,"Confirm mutual consent and boundaries before starting.
Choose a stable, comfortable surface and add support cushions if needed.
Align your bodies slowly and adjust angles for comfort and stability.
Pause to check in and stop immediately if there is pain or discomfort.",positions,intermediate,medium,some,positions|442|wild|pony,Encourages communication and teamwork between partners.|Can be adapted with props for comfort and accessibility.,Move slowly at first and adjust posture to avoid joint strain.|Use steady breathing to stay relaxed and coordinated.|Hydrate and take breaks as needed.,,,,,,442-wild-pony.png,,,,,,false,true,true
443-stuntman,443 Stuntman,Illustrated 443 Stuntman position with comfort-first guidance.,"Confirm mutual consent and boundaries before starting.
Choose a stable, comfortable surface and add support cushions if needed.
Align your bodies slowly and adjust angles for comfort and stability.
Pause to check in and stop immediately if there is pain or discomfort.",positions,intermediate,medium,some,positions|443|stuntman,Encourages communication and teamwork between partners.|Can be adapted with props for comfort and accessibility.,Move slowly at first and adjust posture to avoid joint strain.|Use steady breathing to stay relaxed and coordinated.|Hydrate and take breaks as needed.,,,,,,443-stuntman.png,,,,,,false,true,true
444-plank,444 Plank,Illustrated 444 Plank position with comfort-first guidance.,"Confirm mutual consent and boundaries before starting.
Choose a stable, comfortable surface and add support cushions if needed.
Align your bodies slowly and adjust angles for comfort and stability.
Pause to check in and stop immediately if there is pain or discomfort.",positions,intermediate,medium,some,positions|444|plank,Encourages communication and teamwork between partners.|Can be adapted with props for comfort and accessibility.,Move slowly at first and adjust posture to avoid joint strain.|Use steady breathing to stay relaxed and coordinated.|Hydrate and take breaks as needed.,,,,,,444-plank.png,,,,,,false,true,true
445-midnight,445 Midnight,Illustrated 445 Midnight position with comfort-first guidance.,"Confirm mutual consent and boundaries before starting.
Choose a stable, comfortable surface and add support cushions if needed.
Align your bodies slowly and adjust angles for comfort and stability.
Pause to check in and stop immediately if there is pain or discomfort.",positions,intermediate,medium,some,positions|445|midnight,Encourages communication and teamwork between partners.|Can be adapted with props for comfort and accessibility.,Move slowly at first and adjust posture to avoid joint strain.|Use steady breathing to stay relaxed and coordinated.|Hydrate and take breaks as needed.,,,,,,445-midnight.png,,,,,,false,true,true
446-bomb,446 Bomb,Illustrated 446 Bomb position with comfort-first guidance.,"Confirm mutual consent and boundaries before starting.
Choose a stable, comfortable surface and add support cushions if needed.
Align your bodies slowly and adjust angles for comfort and stability.
Pause to check in and stop immediately if there is pain or discomfort.",positions,intermediate,medium,some,positions|446|bomb,Encourages communication and teamwork between partners.|Can be adapted with props for comfort and accessibility.,Move slowly at first and adjust posture to avoid joint strain.|Use steady breathing to stay relaxed and coordinated.|Hydrate and take breaks as needed.,,,,,,446-bomb.png,,,,,,false,true,true
447-flexible-beauty,447 Flexible Beauty,Illustrated 447 Flexible Beauty position with comfort-first guidance.,"Confirm mutual consent and boundaries before starting.
Choose a stable, comfortable surface and add support cushions if needed.
Align your bodies slowly and adjust angles for comfort and stability.
Pause to check in and stop immediately if there is pain or discomfort.",positions,intermediate,medium,high,positions|447|flexible|beauty,Encourages communication and teamwork between partners.|Can be adapted with props for comfort and accessibility.,Move slowly at first and adjust posture to avoid joint strain.|Use steady breathing to stay relaxed and coordinated.|Hydrate and take breaks as needed.,,,,,,447-flexible-beauty.png,,,,,,false,true,true
448-orgazmic-penetration,448 Orgazmic Penetration,Illustrated 448 Orgazmic Penetration position with comfort-first guidance.,"Confirm mutual consent and boundaries before starting.
Choose a stable, comfortable surface and add support cushions if needed.
Align your bodies slowly and adjust angles for comfort and stability.
Pause to check in and stop immediately if there is pain or discomfort.",positions,intermediate,medium,some,positions|448|orgazmic|penetration,Encourages communication and teamwork between partners.|Can be adapted with props for comfort and accessibility.,Move slowly at first and adjust posture to avoid joint strain.|Use steady breathing to stay relaxed and coordinated.|Hydrate and take breaks as needed.,,,,,,448-orgazmic-penetration.png,,,,,,false,true,true
449-julia,449 Julia,Illustrated 449 Julia position with comfort-first guidance.,"Confirm mutual consent and boundaries before starting.
Choose a stable, comfortable surface and add support cushions if needed.
Align your bodies slowly and adjust angles for comfort and stability.
Pause to check in and stop immediately if there is pain or discomfort.",positions,intermediate,medium,some,positions|449|julia,Encourages communication and teamwork between partners.|Can be adapted with props for comfort and accessibility.,Move slowly at first and adjust posture to avoid joint strain.|Use steady breathing to stay relaxed and coordinated.|Hydrate and take breaks as needed.,,,,,,449-julia.png,,,,,,false,true,true
45-aphrodite,45 Aphrodite,Illustrated 45 Aphrodite position with comfort-first guidance.,"Confirm mutual consent and boundaries before starting.
Choose a stable, comfortable surface and add support cushions if needed.
Align your bodies slowly and adjust angles for comfort and stability.
Pause to check in and stop immediately if there is pain or discomfort.",positions,intermediate,medium,some,positions|45|aphrodite,Encourages communication and teamwork between partners.|Can be adapted with props for comfort and accessibility.,Move slowly at first and adjust posture to avoid joint strain.|Use steady breathing to stay relaxed and coordinated.|Hydrate and take breaks as needed.,,,,,,45-aphrodite.png,,,,,,false,true,true
450-comfortable-place,450 Comfortable Place,Illustrated 450 Comfortable Place position with comfort-first guidance.,"Confirm mutual consent and boundaries before starting.
Choose a stable, comfortable surface and add support cushions if needed.
Align your bodies slowly and adjust angles for comfort and stability.
Pause to check in and stop immediately if there is pain or discomfort.",positions,intermediate,medium,some,positions|450|comfortable|place,Encourages communication and teamwork between partners.|Can be adapted with props for comfort and accessibility.,Move slowly at first and adjust posture to avoid joint strain.|Use steady breathing to stay relaxed and coordinated.|Hydrate and take breaks as needed.,,,,,,450-comfortable-place.png,,,,,,false,true,true
451-ounterblow,451 Ounterblow,Illustrated 451 Ounterblow position with comfort-first guidance.,"Confirm mutual consent and boundaries before starting.
Choose a stable, comfortable surface and add support cushions if needed.
Align your bodies slowly and adjust angles for comfort and stability.
Pause to check in and stop immediately if there is pain or discomfort.",positions,intermediate,medium,some,positions|451|ounterblow,Encourages communication and teamwork between partners.|Can be adapted with props for comfort and accessibility.,Move slowly at first and adjust posture to avoid joint strain.|Use steady breathing to stay relaxed and coordinated.|Hydrate and take breaks as needed.,,,,,,451-ounterblow.png,,,,,,false,true,true
452-bermuda-triangle,452 Bermuda Triangle,Illustrated 452 Bermuda Triangle position with comfort-first guidance.,"Confirm mutual consent and boundaries before starting.
Choose a stable, comfortable surface and add support cushions if needed.
Align your bodies slowly and adjust angles for comfort and stability.
Pause to check in and stop immediately if there is pain or discomfort.",positions,intermediate,medium,some,positions|452|bermuda|triangle,Encourages communication and teamwork between partners.|Can be adapted with props for comfort and accessibility.,Move slowly at first and adjust posture to avoid joint strain.|Use steady breathing to stay relaxed and coordinated.|Hydrate and take breaks as needed.,,,,,,452-bermuda-triangle.png,,,,,,false,true,true
453-tangle,453 Tangle,Illustrated 453 Tangle position with comfort-first guidance.,"Confirm mutual consent and boundaries before starting.
Choose a stable, comfortable surface and add support cushions if needed.
Align your bodies slowly and adjust angles for comfort and stability.
Pause to check in and stop immediately if there is pain or discomfort.",positions,intermediate,medium,some,positions|453|tangle,Encourages communication and teamwork between partners.|Can be adapted with props for comfort and accessibility.,Move slowly at first and adjust posture to avoid joint strain.|Use steady breathing to stay relaxed and coordinated.|Hydrate and take breaks as needed.,,,,,,453-tangle.png,,,,,,false,true,true
454-worship,454 Worship,Illustrated 454 Worship position with comfort-first guidance.,"Confirm mutual consent and boundaries before starting.
Choose a stable, comfortable surface and add support cushions if needed.
Align your bodies slowly and adjust angles for comfort and stability.
Pause to check in and stop immediately if there is pain or discomfort.",positions,intermediate,medium,some,positions|454|worship,Encourages communication and teamwork between partners.|Can be adapted with props for comfort and accessibility.,Move slowly at first and adjust posture to avoid joint strain.|Use steady breathing to stay relaxed and coordinated.|Hydrate and take breaks as needed.,,,,,,454-worship.png,,,,,,false,true,true
455-saddle,455 Saddle,Illustrated 455 Saddle position with comfort-first guidance.,"Confirm mutual consent and boundaries before starting.
Choose a stable, comfortable surface and add support cushions if needed.
Align your bodies slowly and adjust angles for comfort and stability.
Pause to check in and stop immediately if there is pain or discomfort.",positions,intermediate,medium,some,positions|455|saddle,Encourages communication and teamwork between partners.|Can be adapted with props for comfort and accessibility.,Move slowly at first and adjust posture to avoid joint strain.|Use steady breathing to stay relaxed and coordinated.|Hydrate and take breaks as needed.,,,,,,455-saddle.png,,,,,,false,true,true
456-skewer,456 Skewer,Illustrated 456 Skewer position with comfort-first guidance.,"Confirm mutual consent and boundaries before starting.
Choose a stable, comfortable surface and add support cushions if needed.
Align your bodies slowly and adjust angles for comfort and stability.
Pause to check in and stop immediately if there is pain or discomfort.",positions,intermediate,medium,some,positions|456|skewer,Encourages communication and teamwork between partners.|Can be adapted with props for comfort and accessibility.,Move slowly at first and adjust posture to avoid joint strain.|Use steady breathing to stay relaxed and coordinated.|Hydrate and take breaks as needed.,,,,,,456-skewer.png,,,,,,false,true,true
457-hameleon,457 Hameleon,Illustrated 457 Hameleon position with comfort-first guidance.,"Confirm mutual consent and boundaries before starting.
Choose a stable, comfortable surface and add support cushions if needed.
Align your bodies slowly and adjust angles for comfort and stability.
Pause to check in and stop immediately if there is pain or discomfort.",positions,intermediate,medium,some,positions|457|hameleon,Encourages communication and teamwork between partners.|Can be adapted with props for comfort and accessibility.,Move slowly at first and adjust posture to avoid joint strain.|Use steady breathing to stay relaxed and coordinated.|Hydrate and take breaks as needed.,,,,,,457-hameleon.png,,,,,,false,true,true
458-jack,458 Jack,Illustrated 458 Jack position with comfort-first guidance.,"Confirm mutual consent and boundaries before starting.
Choose a stable, comfortable surface and add support cushions if needed.
Align your bodies slowly and adjust angles for comfort and stability.
Pause to check in and stop immediately if there is pain or discomfort.",positions,intermediate,medium,some,positions|458|jack,Encourages communication and teamwork between partners.|Can be adapted with props for comfort and accessibility.,Move slowly at first and adjust posture to avoid joint strain.|Use steady breathing to stay relaxed and coordinated.|Hydrate and take breaks as needed.,,,,,,458-jack.png,,,,,,false,true,true
459-passive-doggy,459 Passive Doggy,Illustrated 459 Passive Doggy position with comfort-first guidance.,"Confirm mutual consent and boundaries before starting.
Choose a stable, comfortable surface and add support cushions if needed.
Align your bodies slowly and adjust angles for comfort and stability.
Pause to check in and stop immediately if there is pain or discomfort.",positions,intermediate,medium,some,positions|459|passive|doggy,Encourages communication and teamwork between partners.|Can be adapted with props for comfort and accessibility.,Move slowly at first and adjust posture to avoid joint strain.|Use steady breathing to stay relaxed and coordinated.|Hydrate and take breaks as needed.,,,,,,459-passive-doggy.png,,,,,,false,true,true
46-sagittarius,46 Sagittarius,Illustrated 46 Sagittarius position with comfort-first guidance.,"Confirm mutual consent and boundaries before starting.
Choose a stable, comfortable surface and add support cushions if needed.
Align your bodies slowly and adjust angles for comfort and stability.
Pause to check in and stop immediately if there is pain or discomfort.",positions,intermediate,medium,some,positions|46|sagittarius,Encourages communication and teamwork between partners.|Can be adapted with props for comfort and accessibility.,Move slowly at first and adjust posture to avoid joint strain.|Use steady breathing to stay relaxed and coordinated.|Hydrate and take breaks as needed.,,,,,,46-sagittarius.png,,,,,,false,true,true
460-look-to-the-sky,460 Look To The Sky,Illustrated 460 Look To The Sky position with comfort-first guidance.,"Confirm mutual consent and boundaries before starting.
Choose a stable, comfortable surface and add support cushions if needed.
Align your bodies slowly and adjust angles for comfort and stability.
Pause to check in and stop immediately if there is pain or discomfort.",positions,intermediate,medium,some,positions|460|look|to|the|sky,Encourages communication and teamwork between partners.|Can be adapted with props for comfort and accessibility.,Move slowly at first and adjust posture to avoid joint strain.|Use steady breathing to stay relaxed and coordinated.|Hydrate and take breaks as needed.,,,,,,460-look-to-the-sky.png,,,,,,false,true,true
461-wrestling,461 Wrestling,Illustrated 461 Wrestling position with comfort-first guidance.,"Confirm mutual consent and boundaries before starting.
Choose a stable, comfortable surface and add support cushions if needed.
Align your bodies slowly and adjust angles for comfort and stability.
Pause to check in and stop immediately if there is pain or discomfort.",positions,intermediate,medium,some,positions|461|wrestling,Encourages communication and teamwork between partners.|Can be adapted with props for comfort and accessibility.,Move slowly at first and adjust posture to avoid joint strain.|Use steady breathing to stay relaxed and coordinated.|Hydrate and take breaks as needed.,,,,,,461-wrestling.png,,,,,,false,true,true
462-hill,462 Hill,Illustrated 462 Hill position with comfort-first guidance.,"Confirm mutual consent and boundaries before starting.
Choose a stable, comfortable surface and add support cushions if needed.
Align your bodies slowly and adjust angles for comfort and stability.
Pause to check in and stop immediately if there is pain or discomfort.",positions,intermediate,medium,some,positions|462|hill,Encourages communication and teamwork between partners.|Can be adapted with props for comfort and accessibility.,Move slowly at first and adjust posture to avoid joint strain.|Use steady breathing to stay relaxed and coordinated.|Hydrate and take breaks as needed.,,,,,,462-hill.png,,,,,,false,true,true
463-mountain-reek,463 Mountain Reek,Illustrated 463 Mountain Reek position with comfort-first guidance.,"Confirm mutual consent and boundaries before starting.
Choose a stable, comfortable surface and add support cushions if needed.
Align your bodies slowly and adjust angles for comfort and stability.
Pause to check in and stop immediately if there is pain or discomfort.",positions,intermediate,medium,some,positions|463|mountain|reek,Encourages communication and teamwork between partners.|Can be adapted with props for comfort and accessibility.,Move slowly at first and adjust posture to avoid joint strain.|Use steady breathing to stay relaxed and coordinated.|Hydrate and take breaks as needed.,,,,,,463-mountain-reek.png,,,,,,false,true,true
464-hood,464 Hood,Illustrated 464 Hood position with comfort-first guidance.,"Confirm mutual consent and boundaries before starting.
Choose a stable, comfortable surface and add support cushions if needed.
Align your bodies slowly and adjust angles for comfort and stability.
Pause to check in and stop immediately if there is pain or discomfort.",positions,intermediate,medium,some,positions|464|hood,Encourages communication and teamwork between partners.|Can be adapted with props for comfort and accessibility.,Move slowly at first and adjust posture to avoid joint strain.|Use steady breathing to stay relaxed and coordinated.|Hydrate and take breaks as needed.,,,,,,464-hood.png,,,,,,false,true,true
465-knight,465 Knight,Illustrated 465 Knight position with comfort-first guidance.,"Confirm mutual consent and boundaries before starting.
Choose a stable, comfortable surface and add support cushions if needed.
Align your bodies slowly and adjust angles for comfort and stability.
Pause to check in and stop immediately if there is pain or discomfort.",positions,intermediate,medium,some,positions|465|knight,Encourages communication and teamwork between partners.|Can be adapted with props for comfort and accessibility.,Move slowly at first and adjust posture to avoid joint strain.|Use steady breathing to stay relaxed and coordinated.|Hydrate and take breaks as needed.,,,,,,465-knight.png,,,,,,false,true,true
466-satyr,466 Satyr,Illustrated 466 Satyr position with comfort-first guidance.,"Confirm mutual consent and boundaries before starting.
Choose a stable, comfortable surface and add support cushions if needed.
Align your bodies slowly and adjust angles for comfort and stability.
Pause to check in and stop immediately if there is pain or discomfort.",positions,intermediate,medium,some,positions|466|satyr,Encourages communication and teamwork between partners.|Can be adapted with props for comfort and accessibility.,Move slowly at first and adjust posture to avoid joint strain.|Use steady breathing to stay relaxed and coordinated.|Hydrate and take breaks as needed.,,,,,,466-satyr.png,,,,,,false,true,true
467-rocket,467 Rocket,Illustrated 467 Rocket position with comfort-first guidance.,"Confirm mutual consent and boundaries before starting.
Choose a stable, comfortable surface and add support cushions if needed.
Align your bodies slowly and adjust angles for comfort and stability.
Pause to check in and stop immediately if there is pain or discomfort.",positions,intermediate,medium,some,positions|467|rocket,Encourages communication and teamwork between partners.|Can be adapted with props for comfort and accessibility.,Move slowly at first and adjust posture to avoid joint strain.|Use steady breathing to stay relaxed and coordinated.|Hydrate and take breaks as needed.,,,,,,467-rocket.png,,,,,,false,true,true
468-niagara-falls,468 Niagara Falls,Illustrated 468 Niagara Falls position with comfort-first guidance.,"Confirm mutual consent and boundaries before starting.
Choose a stable, comfortable surface and add support cushions if needed.
Align your bodies slowly and adjust angles for comfort and stability.
Pause to check in and stop immediately if there is pain or discomfort.",positions,intermediate,medium,some,positions|468|niagara|falls,Encourages communication and teamwork between partners.|Can be adapted with props for comfort and accessibility.,Move slowly at first and adjust posture to avoid joint strain.|Use steady breathing to stay relaxed and coordinated.|Hydrate and take breaks as needed.,,,,,,468-niagara-falls.png,,,,,,false,true,true
469-tight-pussy,469 Tight Pussy,Illustrated 469 Tight Pussy position with comfort-first guidance.,"Confirm mutual consent and boundaries before starting.
Choose a stable, comfortable surface and add support cushions if needed.
Align your bodies slowly and adjust angles for comfort and stability.
Pause to check in and stop immediately if there is pain or discomfort.",positions,intermediate,medium,some,positions|469|tight|pussy,Encourages communication and teamwork between partners.|Can be adapted with props for comfort and accessibility.,Move slowly at first and adjust posture to avoid joint strain.|Use steady breathing to stay relaxed and coordinated.|Hydrate and take breaks as needed.,,,,,,469-tight-pussy.png,,,,,,false,true,true
47-magic-mountain,47 Magic Mountain,Illustrated 47 Magic Mountain position with comfort-first guidance.,"Confirm mutual consent and boundaries before starting.
Choose a stable, comfortable surface and add support cushions if needed.
Align your bodies slowly and adjust angles for comfort and stability.
Pause to check in and stop immediately if there is pain or discomfort.",positions,intermediate,medium,some,positions|47|magic|mountain,Encourages communication and teamwork between partners.|Can be adapted with props for comfort and accessibility.,Move slowly at first and adjust posture to avoid joint strain.|Use steady breathing to stay relaxed and coordinated.|Hydrate and take breaks as needed.,,,,,,47-magic-mountain.png,,,,,,false,true,true
470-relaxation,470 Relaxation,Illustrated 470 Relaxation position with comfort-first guidance.,"Confirm mutual consent and boundaries before starting.
Choose a stable, comfortable surface and add support cushions if needed.
Align your bodies slowly and adjust angles for comfort and stability.
Pause to check in and stop immediately if there is pain or discomfort.",positions,intermediate,medium,some,positions|470|relaxation,Encourages communication and teamwork between partners.|Can be adapted with props for comfort and accessibility.,Move slowly at first and adjust posture to avoid joint strain.|Use steady breathing to stay relaxed and coordinated.|Hydrate and take breaks as needed.,,,,,,470-relaxation.png,,,,,,false,true,true
471-gimlet,471 Gimlet,Illustrated 471 Gimlet position with comfort-first guidance.,"Confirm mutual consent and boundaries before starting.
Choose a stable, comfortable surface and add support cushions if needed.
Align your bodies slowly and adjust angles for comfort and stability.
Pause to check in and stop immediately if there is pain or discomfort.",positions,intermediate,medium,some,positions|471|gimlet,Encourages communication and teamwork between partners.|Can be adapted with props for comfort and accessibility.,Move slowly at first and adjust posture to avoid joint strain.|Use steady breathing to stay relaxed and coordinated.|Hydrate and take breaks as needed.,,,,,,471-gimlet.png,,,,,,false,true,true
472-pinwheel,472 Pinwheel,Illustrated 472 Pinwheel position with comfort-first guidance.,"Confirm mutual consent and boundaries before starting.
Choose a stable, comfortable surface and add support cushions if needed.
Align your bodies slowly and adjust angles for comfort and stability.
Pause to check in and stop immediately if there is pain or discomfort.",positions,intermediate,medium,some,positions|472|pinwheel,Encourages communication and teamwork between partners.|Can be adapted with props for comfort and accessibility.,Move slowly at first and adjust posture to avoid joint strain.|Use steady breathing to stay relaxed and coordinated.|Hydrate and take breaks as needed.,,,,,,472-pinwheel.png,,,,,,false,true,true
473-loop,473 Loop,Illustrated 473 Loop position with comfort-first guidance.,"Confirm mutual consent and boundaries before starting.
Choose a stable, comfortable surface and add support cushions if needed.
Align your bodies slowly and adjust angles for comfort and stability.
Pause to check in and stop immediately if there is pain or discomfort.",positions,intermediate,medium,some,positions|473|loop,Encourages communication and teamwork between partners.|Can be adapted with props for comfort and accessibility.,Move slowly at first and adjust posture to avoid joint strain.|Use steady breathing to stay relaxed and coordinated.|Hydrate and take breaks as needed.,,,,,,473-loop.png,,,,,,false,true,true
474-slope,474 Slope,Illustrated 474 Slope position with comfort-first guidance.,"Confirm mutual consent and boundaries before starting.
Choose a stable, comfortable surface and add support cushions if needed.
Align your bodies slowly and adjust angles for comfort and stability.
Pause to check in and stop immediately if there is pain or discomfort.",positions,intermediate,medium,some,positions|474|slope,Encourages communication and teamwork between partners.|Can be adapted with props for comfort and accessibility.,Move slowly at first and adjust posture to avoid joint strain.|Use steady breathing to stay relaxed and coordinated.|Hydrate and take breaks as needed.,,,,,,474-slope.png,,,,,,false,true,true
475-funny-joke,475 Funny Joke,Illustrated 475 Funny Joke position with comfort-first guidance.,"Confirm mutual consent and boundaries before starting.
Choose a stable, comfortable surface and add support cushions if needed.
Align your bodies slowly and adjust angles for comfort and stability.
Pause to check in and stop immediately if there is pain or discomfort.",positions,intermediate,medium,some,positions|475|funny|joke,Encourages communication and teamwork between partners.|Can be adapted with props for comfort and accessibility.,Move slowly at first and adjust posture to avoid joint strain.|Use steady breathing to stay relaxed and coordinated.|Hydrate and take breaks as needed.,,,,,,475-funny-joke.png,,,,,,false,true,true
476-harp,476 Harp,Illustrated 476 Harp position with comfort-first guidance.,"Confirm mutual consent and boundaries before starting.
Choose a stable, comfortable surface and add support cushions if needed.
Align your bodies slowly and adjust angles for comfort and stability.
Pause to check in and stop immediately if there is pain or discomfort.",positions,intermediate,medium,some,positions|476|harp,Encourages communication and teamwork between partners.|Can be adapted with props for comfort and accessibility.,Move slowly at first and adjust posture to avoid joint strain.|Use steady breathing to stay relaxed and coordinated.|Hydrate and take breaks as needed.,,,,,,476-harp.png,,,,,,false,true,true
477-tea-bag,477 Tea Bag,Illustrated 477 Tea Bag position with comfort-first guidance.,"Confirm mutual consent and boundaries before starting.
Choose a stable, comfortable surface and add support cushions if needed.
Align your bodies slowly and adjust angles for comfort and stability.
Pause to check in and stop immediately if there is pain or discomfort.",positions,intermediate,medium,some,positions|477|tea|bag,Encourages communication and teamwork between partners.|Can be adapted with props for comfort and accessibility.,Move slowly at first and adjust posture to avoid joint strain.|Use steady breathing to stay relaxed and coordinated.|Hydrate and take breaks as needed.,,,,,,477-tea-bag.png,,,,,,false,true,true
478-exciting-game,478 Exciting Game,Illustrated 478 Exciting Game position with comfort-first guidance.,"Confirm mutual consent and boundaries before starting.
Choose a stable, comfortable surface and add support cushions if needed.
Align your bodies slowly and adjust angles for comfort and stability.
Pause to check in and stop immediately if there is pain or discomfort.",positions,intermediate,medium,some,positions|478|exciting|game,Encourages communication and teamwork between partners.|Can be adapted with props for comfort and accessibility.,Move slowly at first and adjust posture to avoid joint strain.|Use steady breathing to stay relaxed and coordinated.|Hydrate and take breaks as needed.,,,,,,478-exciting-game.png,,,,,,false,true,true
479-ladies-man,479 Ladies Man,Illustrated 479 Ladies Man position with comfort-first guidance.,"Confirm mutual consent and boundaries before starting.
Choose a stable, comfortable surface and add support cushions if needed.
Align your bodies slowly and adjust angles for comfort and stability.
Pause to check in and stop immediately if there is pain or discomfort.",positions,intermediate,medium,some,positions|479|ladies|man,Encourages communication and teamwork between partners.|Can be adapted with props for comfort and accessibility.,Move slowly at first and adjust posture to avoid joint strain.|Use steady breathing to stay relaxed and coordinated.|Hydrate and take breaks as needed.,,,,,,479-ladies-man.png,,,,,,false,true,true
48-barbell,48 Barbell,Illustrated 48 Barbell position with comfort-first guidance.,"Confirm mutual consent and boundaries before starting.
Choose a stable, comfortable surface and add support cushions if needed.
Align your bodies slowly and adjust angles for comfort and stability.
Pause to check in and stop immediately if there is pain or discomfort.",positions,intermediate,medium,some,positions|48|barbell,Encourages communication and teamwork between partners.|Can be adapted with props for comfort and accessibility.,Move slowly at first and adjust posture to avoid joint strain.|Use steady breathing to stay relaxed and coordinated.|Hydrate and take breaks as needed.,,,,,,48-barbell.png,,,,,,false,true,true
480-juicy-ass,480 Juicy Ass,Illustrated 480 Juicy Ass position with comfort-first guidance.,"Confirm mutual consent and boundaries before starting.
Choose a stable, comfortable surface and add support cushions if needed.
Align your bodies slowly and adjust angles for comfort and stability.
Pause to check in and stop immediately if there is pain or discomfort.",positions,intermediate,medium,some,positions|480|juicy|ass,Encourages communication and teamwork between partners.|Can be adapted with props for comfort and accessibility.,Move slowly at first and adjust posture to avoid joint strain.|Use steady breathing to stay relaxed and coordinated.|Hydrate and take breaks as needed.,,,,,,480-juicy-ass.png,,,,,,false,true,true
481-new-69-on-the-chair,481 New 69 On The Chair,Illustrated 481 New 69 On The Chair position with comfort-first guidance.,"Confirm mutual consent and boundaries before starting.
Choose a stable, comfortable surface and add support cushions if needed.
Align your bodies slowly and adjust angles for comfort and stability.
Pause to check in and stop immediately if there is pain or discomfort.",positions,intermediate,medium,some,positions|481|new|69|on|the|chair,Encourages communication and teamwork between partners.|Can be adapted with props for comfort and accessibility.,Move slowly at first and adjust posture to avoid joint strain.|Use steady breathing to stay relaxed and coordinated.|Hydrate and take breaks as needed.,,,,,,481-new-69-on-the-chair.png,,,,,,false,true,true
482-stickman,482 Stickman,Illustrated 482 Stickman position with comfort-first guidance.,"Confirm mutual consent and boundaries before starting.
Choose a stable, comfortable surface and add support cushions if needed.
Align your bodies slowly and adjust angles for comfort and stability.
Pause to check in and stop immediately if there is pain or discomfort.",positions,intermediate,medium,some,positions|482|stickman,Encourages communication and teamwork between partners.|Can be adapted with props for comfort and accessibility.,Move slowly at first and adjust posture to avoid joint strain.|Use steady breathing to stay relaxed and coordinated.|Hydrate and take breaks as needed.,,,,,,482-stickman.png,,,,,,false,true,true
483-atapult,483 Atapult,Illustrated 483 Atapult position with comfort-first guidance.,"Confirm mutual consent and boundaries before starting.
Choose a stable, comfortable surface and add support cushions if needed.
Align your bodies slowly and adjust angles for comfort and stability.
Pause to check in and stop immediately if there is pain or discomfort.",positions,intermediate,medium,some,positions|483|atapult,Encourages communication and teamwork between partners.|Can be adapted with props for comfort and accessibility.,Move slowly at first and adjust posture to avoid joint strain.|Use steady breathing to stay relaxed and coordinated.|Hydrate and take breaks as needed.,,,,,,483-atapult.png,,,,,,false,true,true
484-licking-master,484 Licking Master,Illustrated 484 Licking Master position with comfort-first guidance.,"Confirm mutual consent and boundaries before starting.
Choose a stable, comfortable surface and add support cushions if needed.
Align your bodies slowly and adjust angles for comfort and stability.
Pause to check in and stop immediately if there is pain or discomfort.",positions,intermediate,medium,some,positions|484|licking|master,Encourages communication and teamwork between partners.|Can be adapted with props for comfort and accessibility.,Move slowly at first and adjust posture to avoid joint strain.|Use steady breathing to stay relaxed and coordinated.|Hydrate and take breaks as needed.,,,,,,484-licking-master.png,,,,,,false,true,true
485-descent,485 Descent,Illustrated 485 Descent position with comfort-first guidance.,"Confirm mutual consent and boundaries before starting.
Choose a stable, comfortable surface and add support cushions if needed.
Align your bodies slowly and adjust angles for comfort and stability.
Pause to check in and stop immediately if there is pain or discomfort.",positions,intermediate,medium,some,positions|485|descent,Encourages communication and teamwork between partners.|Can be adapted with props for comfort and accessibility.,Move slowly at first and adjust posture to avoid joint strain.|Use steady breathing to stay relaxed and coordinated.|Hydrate and take breaks as needed.,,,,,,485-descent.png,,,,,,false,true,true
486-source,486 Source,Illustrated 486 Source position with comfort-first guidance.,"Confirm mutual consent and boundaries before starting.
Choose a stable, comfortable surface and add support cushions if needed.
Align your bodies slowly and adjust angles for comfort and stability.
Pause to check in and stop immediately if there is pain or discomfort.",positions,intermediate,medium,some,positions|486|source,Encourages communication and teamwork between partners.|Can be adapted with props for comfort and accessibility.,Move slowly at first and adjust posture to avoid joint strain.|Use steady breathing to stay relaxed and coordinated.|Hydrate and take breaks as needed.,,,,,,486-source.png,,,,,,false,true,true
487-apex,487 Apex,Illustrated 487 Apex position with comfort-first guidance.,"Confirm mutual consent and boundaries before starting.
Choose a stable, comfortable surface and add support cushions if needed.
Align your bodies slowly and adjust angles for comfort and stability.
Pause to check in and stop immediately if there is pain or discomfort.",positions,intermediate,medium,some,positions|487|apex,Encourages communication and teamwork between partners.|Can be adapted with props for comfort and accessibility.,Move slowly at first and adjust posture to avoid joint strain.|Use steady breathing to stay relaxed and coordinated.|Hydrate and take breaks as needed.,,,,,,487-apex.png,,,,,,false,true,true
488-hot-carl,488 Hot Carl,Illustrated 488 Hot Carl position with comfort-first guidance.,"Confirm mutual consent and boundaries before starting.
Choose a stable, comfortable surface and add support cushions if needed.
Align your bodies slowly and adjust angles for comfort and stability.
Pause to check in and stop immediately if there is pain or discomfort.",positions,intermediate,medium,some,positions|488|hot|carl,Encourages communication and teamwork between partners.|Can be adapted with props for comfort and accessibility.,Move slowly at first and adjust posture to avoid joint strain.|Use steady breathing to stay relaxed and coordinated.|Hydrate and take breaks as needed.,,,,,,488-hot-carl.png,,,,,,false,true,true
489-hibi,489 Hibi,Illustrated 489 Hibi position with comfort-first guidance.,"Confirm mutual consent and boundaries before starting.
Choose a stable, comfortable surface and add support cushions if needed.
Align your bodies slowly and adjust angles for comfort and stability.
Pause to check in and stop immediately if there is pain or discomfort.",positions,intermediate,medium,some,positions|489|hibi,Encourages communication and teamwork between partners.|Can be adapted with props for comfort and accessibility.,Move slowly at first and adjust posture to avoid joint strain.|Use steady breathing to stay relaxed and coordinated.|Hydrate and take breaks as needed.,,,,,,489-hibi.png,,,,,,false,true,true
49-hucklebuck,49 Hucklebuck,Illustrated 49 Hucklebuck position with comfort-first guidance.,"Confirm mutual consent and boundaries before starting.
Choose a stable, comfortable surface and add support cushions if needed.
Align your bodies slowly and adjust angles for comfort and stability.
Pause to check in and stop immediately if there is pain or discomfort.",positions,intermediate,medium,some,positions|49|hucklebuck,Encourages communication and teamwork between partners.|Can be adapted with props for comfort and accessibility.,Move slowly at first and adjust posture to avoid joint strain.|Use steady breathing to stay relaxed and coordinated.|Hydrate and take breaks as needed.,,,,,,49-hucklebuck.png,,,,,,false,true,true
490-snake-charmer,490 Snake Charmer,Illustrated 490 Snake Charmer position with comfort-first guidance.,"Confirm mutual consent and boundaries before starting.
Choose a stable, comfortable surface and add support cushions if needed.
Align your bodies slowly and adjust angles for comfort and stability.
Pause to check in and stop immediately if there is pain or discomfort.",positions,intermediate,medium,some,positions|490|snake|charmer,Encourages communication and teamwork between partners.|Can be adapted with props for comfort and accessibility.,Move slowly at first and adjust posture to avoid joint strain.|Use steady breathing to stay relaxed and coordinated.|Hydrate and take breaks as needed.,,,,,,490-snake-charmer.png,,,,,,false,true,true
491-drum,491 Drum,Illustrated 491 Drum position with comfort-first guidance.,"Confirm mutual consent and boundaries before starting.
Choose a stable, comfortable surface and add support cushions if needed.
Align your bodies slowly and adjust angles for comfort and stability.
Pause to check in and stop immediately if there is pain or discomfort.",positions,intermediate,medium,some,positions|491|drum,Encourages communication and teamwork between partners.|Can be adapted with props for comfort and accessibility.,Move slowly at first and adjust posture to avoid joint strain.|Use steady breathing to stay relaxed and coordinated.|Hydrate and take breaks as needed.,,,,,,491-drum.png,,,,,,false,true,true
492-shocker,492 Shocker,Illustrated 492 Shocker position with comfort-first guidance.,"Confirm mutual consent and boundaries before starting.
Choose a stable, comfortable surface and add support cushions if needed.
Align your bodies slowly and adjust angles for comfort and stability.
Pause to check in and stop immediately if there is pain or discomfort.",positions,intermediate,medium,some,positions|492|shocker,Encourages communication and teamwork between partners.|Can be adapted with props for comfort and accessibility.,Move slowly at first and adjust posture to avoid joint strain.|Use steady breathing to stay relaxed and coordinated.|Hydrate and take breaks as needed.,,,,,,492-shocker.png,,,,,,false,true,true
493-olumn,493 Olumn,Illustrated 493 Olumn position with comfort-first guidance.,"Confirm mutual consent and boundaries before starting.
Choose a stable, comfortable surface and add support cushions if needed.
Align your bodies slowly and adjust angles for comfort and stability.
Pause to check in and stop immediately if there is pain or discomfort.",positions,intermediate,medium,some,positions|493|olumn,Encourages communication and teamwork between partners.|Can be adapted with props for comfort and accessibility.,Move slowly at first and adjust posture to avoid joint strain.|Use steady breathing to stay relaxed and coordinated.|Hydrate and take breaks as needed.,,,,,,493-olumn.png,,,,,,false,true,true
494-twerk-on-dick,494 Twerk On Dick,Illustrated 494 Twerk On Dick position with comfort-first guidance.,"Confirm mutual consent and boundaries before starting.
Choose a stable, comfortable surface and add support cushions if needed.
Align your bodies slowly and adjust angles for comfort and stability.
Pause to check in and stop immediately if there is pain or discomfort.",positions,intermediate,medium,some,positions|494|twerk|on|dick,Encourages communication and teamwork between partners.|Can be adapted with props for comfort and accessibility.,Move slowly at first and adjust posture to avoid joint strain.|Use steady breathing to stay relaxed and coordinated.|Hydrate and take breaks as needed.,,,,,,494-twerk-on-dick.png,,,,,,false,true,true
495-ghetto,495 Ghetto,Illustrated 495 Ghetto position with comfort-first guidance.,"Confirm mutual consent and boundaries before starting.
Choose a stable, comfortable surface and add support cushions if needed.
Align your bodies slowly and adjust angles for comfort and stability.
Pause to check in and stop immediately if there is pain or discomfort.",positions,intermediate,medium,some,positions|495|ghetto,Encourages communication and teamwork between partners.|Can be adapted with props for comfort and accessibility.,Move slowly at first and adjust posture to avoid joint strain.|Use steady breathing to stay relaxed and coordinated.|Hydrate and take breaks as needed.,,,,,,495-ghetto.png,,,,,,false,true,true
496-doggy-on-the-edge-2,496 Doggy On The Edge 2,Illustrated 496 Doggy On The Edge 2 position with comfort-first guidance.,"Confirm mutual consent and boundaries before starting.
Choose a stable, comfortable surface and add support cushions if needed.
Align your bodies slowly and adjust angles for comfort and stability.
Pause to check in and stop immediately if there is pain or discomfort.",positions,intermediate,medium,some,positions|496|doggy|on|the|edge,Encourages communication and teamwork between partners.|Can be adapted with props for comfort and accessibility.,Move slowly at first and adjust posture to avoid joint strain.|Use steady breathing to stay relaxed and coordinated.|Hydrate and take breaks as needed.,,,,,,496-doggy-on-the-edge-2.png,,,,,,false,true,true
497-tantra-chair,497 Tantra Chair,Illustrated 497 Tantra Chair position with comfort-first guidance.,"Confirm mutual consent and boundaries before starting.
Choose a stable, comfortable surface and add support cushions if needed.
Align your bodies slowly and adjust angles for comfort and stability.
Pause to check in and stop immediately if there is pain or discomfort.",positions,intermediate,medium,some,positions|497|tantra|chair,Encourages communication and teamwork between partners.|Can be adapted with props for comfort and accessibility.,Move slowly at first and adjust posture to avoid joint strain.|Use steady breathing to stay relaxed and coordinated.|Hydrate and take breaks as needed.,,,,,,497-tantra-chair.png,,,,,,false,true,true
498-crazy-doggy,498 Crazy Doggy,Illustrated 498 Crazy Doggy position with comfort-first guidance.,"Confirm mutual consent and boundaries before starting.
Choose a stable, comfortable surface and add support cushions if needed.
Align your bodies slowly and adjust angles for comfort and stability.
Pause to check in and stop immediately if there is pain or discomfort.",positions,intermediate,medium,some,positions|498|crazy|doggy,Encourages communication and teamwork between partners.|Can be adapted with props for comfort and accessibility.,Move slowly at first and adjust posture to avoid joint strain.|Use steady breathing to stay relaxed and coordinated.|Hydrate and take breaks as needed.,,,,,,498-crazy-doggy.png,,,,,,false,true,true
499-pearl,499 Pearl,Illustrated 499 Pearl position with comfort-first guidance.,"Confirm mutual consent and boundaries before starting.
Choose a stable, comfortable surface and add support cushions if needed.
Align your bodies slowly and adjust angles for comfort and stability.
Pause to check in and stop immediately if there is pain or discomfort.",positions,intermediate,medium,some,positions|499|pearl,Encourages communication and teamwork between partners.|Can be adapted with props for comfort and accessibility.,Move slowly at first and adjust posture to avoid joint strain.|Use steady breathing to stay relaxed and coordinated.|Hydrate and take breaks as needed.,,,,,,499-pearl.png,,,,,,false,true,true
5-aquarius,5 Aquarius,Illustrated 5 Aquarius position with comfort-first guidance.,"Confirm mutual consent and boundaries before starting.
Choose a stable, comfortable surface and add support cushions if needed.
Align your bodies slowly and adjust angles for comfort and stability.
Pause to check in and stop immediately if there is pain or discomfort.",positions,intermediate,medium,some,positions|aquarius,Encourages communication and teamwork between partners.|Can be adapted with props for comfort and accessibility.,Move slowly at first and adjust posture to avoid joint strain.|Use steady breathing to stay relaxed and coordinated.|Hydrate and take breaks as needed.,,,,,,5-aquarius.png,,,,,,false,true,true
50-bullfighter,50 Bullfighter,Illustrated 50 Bullfighter position with comfort-first guidance.,"Confirm mutual consent and boundaries before starting.
Choose a stable, comfortable surface and add support cushions if needed.
Align your bodies slowly and adjust angles for comfort and stability.
Pause to check in and stop immediately if there is pain or discomfort.",positions,intermediate,medium,some,positions|50|bullfighter,Encourages communication and teamwork between partners.|Can be adapted with props for comfort and accessibility.,Move slowly at first and adjust posture to avoid joint strain.|Use steady breathing to stay relaxed and coordinated.|Hydrate and take breaks as needed.,,,,,,50-bullfighter.png,,,,,,false,true,true
500-anna,500 Anna,Illustrated 500 Anna position with comfort-first guidance.,"Confirm mutual consent and boundaries before starting.
Choose a stable, comfortable surface and add support cushions if needed.
Align your bodies slowly and adjust angles for comfort and stability.
Pause to check in and stop immediately if there is pain or discomfort.",positions,intermediate,medium,some,positions|500|anna,Encourages communication and teamwork between partners.|Can be adapted with props for comfort and accessibility.,Move slowly at first and adjust posture to avoid joint strain.|Use steady breathing to stay relaxed and coordinated.|Hydrate and take breaks as needed.,,,,,,500-anna.png,,,,,,false,true,true
501-uriosity,501 Uriosity,Illustrated 501 Uriosity position with comfort-first guidance.,"Confirm mutual consent and boundaries before starting.
Choose a stable, comfortable surface and add support cushions if needed.
Align your bodies slowly and adjust angles for comfort and stability.
Pause to check in and stop immediately if there is pain or discomfort.",positions,intermediate,medium,some,positions|501|uriosity,Encourages communication and teamwork between partners.|Can be adapted with props for comfort and accessibility.,Move slowly at first and adjust posture to avoid joint strain.|Use steady breathing to stay relaxed and coordinated.|Hydrate and take breaks as needed.,,,,,,501-uriosity.png,,,,,,false,true,true
502-khaleesi,502 Khaleesi,Illustrated 502 Khaleesi position with comfort-first guidance.,"Confirm mutual consent and boundaries before starting.
Choose a stable, comfortable surface and add support cushions if needed.
Align your bodies slowly and adjust angles for comfort and stability.
Pause to check in and stop immediately if there is pain or discomfort.",positions,intermediate,medium,some,positions|502|khaleesi,Encourages communication and teamwork between partners.|Can be adapted with props for comfort and accessibility.,Move slowly at first and adjust posture to avoid joint strain.|Use steady breathing to stay relaxed and coordinated.|Hydrate and take breaks as needed.,,,,,,502-khaleesi.png,,,,,,false,true,true
503-insatiable-clitoris,503 Insatiable Clitoris,Illustrated 503 Insatiable Clitoris position with comfort-first guidance.,"Confirm mutual consent and boundaries before starting.
Choose a stable, comfortable surface and add support cushions if needed.
Align your bodies slowly and adjust angles for comfort and stability.
Pause to check in and stop immediately if there is pain or discomfort.",positions,intermediate,medium,some,positions|503|insatiable|clitoris,Encourages communication and teamwork between partners.|Can be adapted with props for comfort and accessibility.,Move slowly at first and adjust posture to avoid joint strain.|Use steady breathing to stay relaxed and coordinated.|Hydrate and take breaks as needed.,,,,,,503-insatiable-clitoris.png,,,,,,false,true,true
504-breeze,504 Breeze,Illustrated 504 Breeze position with comfort-first guidance.,"Confirm mutual consent and boundaries before starting.
Choose a stable, comfortable surface and add support cushions if needed.
Align your bodies slowly and adjust angles for comfort and stability.
Pause to check in and stop immediately if there is pain or discomfort.",positions,intermediate,medium,some,positions|504|breeze,Encourages communication and teamwork between partners.|Can be adapted with props for comfort and accessibility.,Move slowly at first and adjust posture to avoid joint strain.|Use steady breathing to stay relaxed and coordinated.|Hydrate and take breaks as needed.,,,,,,504-breeze.png,,,,,,false,true,true
505-weird-fantasy,505 Weird Fantasy,Illustrated 505 Weird Fantasy position with comfort-first guidance.,"Confirm mutual consent and boundaries before starting.
Choose a stable, comfortable surface and add support cushions if needed.
Align your bodies slowly and adjust angles for comfort and stability.
Pause to check in and stop immediately if there is pain or discomfort.",positions,intermediate,medium,some,positions|505|weird|fantasy,Encourages communication and teamwork between partners.|Can be adapted with props for comfort and accessibility.,Move slowly at first and adjust posture to avoid joint strain.|Use steady breathing to stay relaxed and coordinated.|Hydrate and take breaks as needed.,,,,,,505-weird-fantasy.png,,,,,,false,true,true
506-crazy-monkey,506 Crazy Monkey,Illustrated 506 Crazy Monkey position with comfort-first guidance.,"Confirm mutual consent and boundaries before starting.
Choose a stable, comfortable surface and add support cushions if needed.
Align your bodies slowly and adjust angles for comfort and stability.
Pause to check in and stop immediately if there is pain or discomfort.",positions,intermediate,medium,some,positions|506|crazy|monkey,Encourages communication and teamwork between partners.|Can be adapted with props for comfort and accessibility.,Move slowly at first and adjust posture to avoid joint strain.|Use steady breathing to stay relaxed and coordinated.|Hydrate and take breaks as needed.,,,,,,506-crazy-monkey.png,,,,,,false,true,true
507-butler,507 Butler,Illustrated 507 Butler position with comfort-first guidance.,"Confirm mutual consent and boundaries before starting.
Choose a stable, comfortable surface and add support cushions if needed.
Align your bodies slowly and adjust angles for comfort and stability.
Pause to check in and stop immediately if there is pain or discomfort.",positions,intermediate,medium,some,positions|507|butler,Encourages communication and teamwork between partners.|Can be adapted with props for comfort and accessibility.,Move slowly at first and adjust posture to avoid joint strain.|Use steady breathing to stay relaxed and coordinated.|Hydrate and take breaks as needed.,,,,,,507-butler.png,,,,,,false,true,true
508-houdini,508 Houdini,Illustrated 508 Houdini position with comfort-first guidance.,"Confirm mutual consent and boundaries before starting.
Choose a stable, comfortable surface and add support cushions if needed.
Align your bodies slowly and adjust angles for comfort and stability.
Pause to check in and stop immediately if there is pain or discomfort.",positions,intermediate,medium,some,positions|508|houdini,Encourages communication and teamwork between partners.|Can be adapted with props for comfort and accessibility.,Move slowly at first and adjust posture to avoid joint strain.|Use steady breathing to stay relaxed and coordinated.|Hydrate and take breaks as needed.,,,,,,508-houdini.png,,,,,,false,true,true
509-tea-bag-2,509 Tea Bag 2,Illustrated 509 Tea Bag 2 position with comfort-first guidance.,"Confirm mutual consent and boundaries before starting.
Choose a stable, comfortable surface and add support cushions if needed.
Align your bodies slowly and adjust angles for comfort and stability.
Pause to check in and stop immediately if there is pain or discomfort.",positions,intermediate,medium,some,positions|509|tea|bag,Encourages communication and teamwork between partners.|Can be adapted with props for comfort and accessibility.,Move slowly at first and adjust posture to avoid joint strain.|Use steady breathing to stay relaxed and coordinated.|Hydrate and take breaks as needed.,,,,,,509-tea-bag-2.png,,,,,,false,true,true
51-marsh-mallow,51 Marsh Mallow,Illustrated 51 Marsh Mallow position with comfort-first guidance.,"Confirm mutual consent and boundaries before starting.
Choose a stable, comfortable surface and add support cushions if needed.
Align your bodies slowly and adjust angles for comfort and stability.
Pause to check in and stop immediately if there is pain or discomfort.",positions,intermediate,medium,some,positions|51|marsh|mallow,Encourages communication and teamwork between partners.|Can be adapted with props for comfort and accessibility.,Move slowly at first and adjust posture to avoid joint strain.|Use steady breathing to stay relaxed and coordinated.|Hydrate and take breaks as needed.,,,,,,51-marsh-mallow.png,,,,,,false,true,true
510-dream,510 Dream,Illustrated 510 Dream position with comfort-first guidance.,"Confirm mutual consent and boundaries before starting.
Choose a stable, comfortable surface and add support cushions if needed.
Align your bodies slowly and adjust angles for comfort and stability.
Pause to check in and stop immediately if there is pain or discomfort.",positions,intermediate,medium,some,positions|510|dream,Encourages communication and teamwork between partners.|Can be adapted with props for comfort and accessibility.,Move slowly at first and adjust posture to avoid joint strain.|Use steady breathing to stay relaxed and coordinated.|Hydrate and take breaks as needed.,,,,,,510-dream.png,,,,,,false,true,true
511-donkey-punch,511 Donkey Punch,Illustrated 511 Donkey Punch position with comfort-first guidance.,"Confirm mutual consent and boundaries before starting.
Choose a stable, comfortable surface and add support cushions if needed.
Align your bodies slowly and adjust angles for comfort and stability.
Pause to check in and stop immediately if there is pain or discomfort.",positions,intermediate,medium,some,positions|511|donkey|punch,Encourages communication and teamwork between partners.|Can be adapted with props for comfort and accessibility.,Move slowly at first and adjust posture to avoid joint strain.|Use steady breathing to stay relaxed and coordinated.|Hydrate and take breaks as needed.,,,,,,511-donkey-punch.png,,,,,,false,true,true
512-venus-flytrap,512 Venus Flytrap,Illustrated 512 Venus Flytrap position with comfort-first guidance.,"Confirm mutual consent and boundaries before starting.
Choose a stable, comfortable surface and add support cushions if needed.
Align your bodies slowly and adjust angles for comfort and stability.
Pause to check in and stop immediately if there is pain or discomfort.",positions,intermediate,medium,some,positions|512|venus|flytrap,Encourages communication and teamwork between partners.|Can be adapted with props for comfort and accessibility.,Move slowly at first and adjust posture to avoid joint strain.|Use steady breathing to stay relaxed and coordinated.|Hydrate and take breaks as needed.,,,,,,512-venus-flytrap.png,,,,,,false,true,true
513-wheelbarrow-2,513 Wheelbarrow 2,Illustrated 513 Wheelbarrow 2 position with comfort-first guidance.,"Confirm mutual consent and boundaries before starting.
Choose a stable, comfortable surface and add support cushions if needed.
Align your bodies slowly and adjust angles for comfort and stability.
Pause to check in and stop immediately if there is pain or discomfort.",positions,intermediate,medium,some,positions|513|wheelbarrow,Encourages communication and teamwork between partners.|Can be adapted with props for comfort and accessibility.,Move slowly at first and adjust posture to avoid joint strain.|Use steady breathing to stay relaxed and coordinated.|Hydrate and take breaks as needed.,,,,,,513-wheelbarrow-2.png,,,,,,false,true,true
514-special-fellatio,514 Special Fellatio,Illustrated 514 Special Fellatio position with comfort-first guidance.,"Confirm mutual consent and boundaries before starting.
Choose a stable, comfortable surface and add support cushions if needed.
Align your bodies slowly and adjust angles for comfort and stability.
Pause to check in and stop immediately if there is pain or discomfort.",positions,intermediate,medium,some,positions|514|special|fellatio,Encourages communication and teamwork between partners.|Can be adapted with props for comfort and accessibility.,Move slowly at first and adjust posture to avoid joint strain.|Use steady breathing to stay relaxed and coordinated.|Hydrate and take breaks as needed.,,,,,,514-special-fellatio.png,,,,,,false,true,true
52-creme-brulee,52 Creme Brulee,Illustrated 52 Creme Brulee position with comfort-first guidance.,"Confirm mutual consent and boundaries before starting.
Choose a stable, comfortable surface and add support cushions if needed.
Align your bodies slowly and adjust angles for comfort and stability.
Pause to check in and stop immediately if there is pain or discomfort.",positions,intermediate,medium,some,positions|52|creme|brulee,Encourages communication and teamwork between partners.|Can be adapted with props for comfort and accessibility.,Move slowly at first and adjust posture to avoid joint strain.|Use steady breathing to stay relaxed and coordinated.|Hydrate and take breaks as needed.,,,,,,52-creme-brulee.png,,,,,,false,true,true
53-precipice,53 Precipice,Illustrated 53 Precipice position with comfort-first guidance.,"Confirm mutual consent and boundaries before starting.
Choose a stable, comfortable surface and add support cushions if needed.
Align your bodies slowly and adjust angles for comfort and stability.
Pause to check in and stop immediately if there is pain or discomfort.",positions,intermediate,medium,some,positions|53|precipice,Encourages communication and teamwork between partners.|Can be adapted with props for comfort and accessibility.,Move slowly at first and adjust posture to avoid joint strain.|Use steady breathing to stay relaxed and coordinated.|Hydrate and take breaks as needed.,,,,,,53-precipice.png,,,,,,false,true,true
54-tiara,54 Tiara,Illustrated 54 Tiara position with comfort-first guidance.,"Confirm mutual consent and boundaries before starting.
Choose a stable, comfortable surface and add support cushions if needed.
Align your bodies slowly and adjust angles for comfort and stability.
Pause to check in and stop immediately if there is pain or discomfort.",positions,intermediate,medium,some,positions|54|tiara,Encourages communication and teamwork between partners.|Can be adapted with props for comfort and accessibility.,Move slowly at first and adjust posture to avoid joint strain.|Use steady breathing to stay relaxed and coordinated.|Hydrate and take breaks as needed.,,,,,,54-tiara.png,,,,,,false,true,true
55-spread-eagle,55 Spread Eagle,Illustrated 55 Spread Eagle position with comfort-first guidance.,"Confirm mutual consent and boundaries before starting.
Choose a stable, comfortable surface and add support cushions if needed.
Align your bodies slowly and adjust angles for comfort and stability.
Pause to check in and stop immediately if there is pain or discomfort.",positions,intermediate,medium,some,positions|55|spread|eagle,Encourages communication and teamwork between partners.|Can be adapted with props for comfort and accessibility.,Move slowly at first and adjust posture to avoid joint strain.|Use steady breathing to stay relaxed and coordinated.|Hydrate and take breaks as needed.,,,,,,55-spread-eagle.png,,,,,,false,true,true
56-turtle,56 Turtle,Illustrated 56 Turtle position with comfort-first guidance.,"Confirm mutual consent and boundaries before starting.
Choose a stable, comfortable surface and add support cushions if needed.
Align your bodies slowly and adjust angles for comfort and stability.
Pause to check in and stop immediately if there is pain or discomfort.",positions,intermediate,medium,some,positions|56|turtle,Encourages communication and teamwork between partners.|Can be adapted with props for comfort and accessibility.,Move slowly at first and adjust posture to avoid joint strain.|Use steady breathing to stay relaxed and coordinated.|Hydrate and take breaks as needed.,,,,,,56-turtle.png,,,,,,false,true,true
57-slope,57 Slope,Illustrated 57 Slope position with comfort-first guidance.,"Confirm mutual consent and boundaries before starting.
Choose a stable, comfortable surface and add support cushions if needed.
Align your bodies slowly and adjust angles for comfort and stability.
Pause to check in and stop immediately if there is pain or discomfort.",positions,intermediate,medium,some,positions|57|slope,Encourages communication and teamwork between partners.|Can be adapted with props for comfort and accessibility.,Move slowly at first and adjust posture to avoid joint strain.|Use steady breathing to stay relaxed and coordinated.|Hydrate and take breaks as needed.,,,,,,57-slope.png,,,,,,false,true,true
58-flying-squirrel,58 Flying Squirrel,Illustrated 58 Flying Squirrel position with comfort-first guidance.,"Confirm mutual consent and boundaries before starting.
Choose a stable, comfortable surface and add support cushions if needed.
Align your bodies slowly and adjust angles for comfort and stability.
Pause to check in and stop immediately if there is pain or discomfort.",positions,intermediate,medium,some,positions|58|flying|squirrel,Encourages communication and teamwork between partners.|Can be adapted with props for comfort and accessibility.,Move slowly at first and adjust posture to avoid joint strain.|Use steady breathing to stay relaxed and coordinated.|Hydrate and take breaks as needed.,,,,,,58-flying-squirrel.png,,,,,,false,true,true
59-crab,59 Crab,Illustrated 59 Crab position with comfort-first guidance.,"Confirm mutual consent and boundaries before starting.
Choose a stable, comfortable surface and add support cushions if needed.
Align your bodies slowly and adjust angles for comfort and stability.
Pause to check in and stop immediately if there is pain or discomfort.",positions,intermediate,medium,some,positions|59|crab,Encourages communication and teamwork between partners.|Can be adapted with props for comfort and accessibility.,Move slowly at first and adjust posture to avoid joint strain.|Use steady breathing to stay relaxed and coordinated.|Hydrate and take breaks as needed.,,,,,,59-crab.png,,,,,,false,true,true
6-straddle,6 Straddle,Illustrated 6 Straddle position with comfort-first guidance.,"Confirm mutual consent and boundaries before starting.
Choose a stable, comfortable surface and add support cushions if needed.
Align your bodies slowly and adjust angles for comfort and stability.
Pause to check in and stop immediately if there is pain or discomfort.",positions,intermediate,medium,some,positions|straddle,Encourages communication and teamwork between partners.|Can be adapted with props for comfort and accessibility.,Move slowly at first and adjust posture to avoid joint strain.|Use steady breathing to stay relaxed and coordinated.|Hydrate and take breaks as needed.,,,,,,6-straddle.png,,,,,,false,true,true
60-victory,60 Victory,Illustrated 60 Victory position with comfort-first guidance.,"Confirm mutual consent and boundaries before starting.
Choose a stable, comfortable surface and add support cushions if needed.
Align your bodies slowly and adjust angles for comfort and stability.
Pause to check in and stop immediately if there is pain or discomfort.",positions,intermediate,medium,some,positions|60|victory,Encourages communication and teamwork between partners.|Can be adapted with props for comfort and accessibility.,Move slowly at first and adjust posture to avoid joint strain.|Use steady breathing to stay relaxed and coordinated.|Hydrate and take breaks as needed.,,,,,,60-victory.png,,,,,,false,true,true
61-speaker,61 Speaker,Illustrated 61 Speaker position with comfort-first guidance.,"Confirm mutual consent and boundaries before starting.
Choose a stable, comfortable surface and add support cushions if needed.
Align your bodies slowly and adjust angles for comfort and stability.
Pause to check in and stop immediately if there is pain or discomfort.",positions,intermediate,medium,some,positions|61|speaker,Encourages communication and teamwork between partners.|Can be adapted with props for comfort and accessibility.,Move slowly at first and adjust posture to avoid joint strain.|Use steady breathing to stay relaxed and coordinated.|Hydrate and take breaks as needed.,,,,,,61-speaker.png,,,,,,false,true,true
62-mast,62 Mast,Illustrated 62 Mast position with comfort-first guidance.,"Confirm mutual consent and boundaries before starting.
Choose a stable, comfortable surface and add support cushions if needed.
Align your bodies slowly and adjust angles for comfort and stability.
Pause to check in and stop immediately if there is pain or discomfort.",positions,intermediate,medium,some,positions|62|mast,Encourages communication and teamwork between partners.|Can be adapted with props for comfort and accessibility.,Move slowly at first and adjust posture to avoid joint strain.|Use steady breathing to stay relaxed and coordinated.|Hydrate and take breaks as needed.,,,,,,62-mast.png,,,,,,false,true,true
63-croissant,63 Croissant,Illustrated 63 Croissant position with comfort-first guidance.,"Confirm mutual consent and boundaries before starting.
Choose a stable, comfortable surface and add support cushions if needed.
Align your bodies slowly and adjust angles for comfort and stability.
Pause to check in and stop immediately if there is pain or discomfort.",positions,intermediate,medium,some,positions|63|croissant,Encourages communication and teamwork between partners.|Can be adapted with props for comfort and accessibility.,Move slowly at first and adjust posture to avoid joint strain.|Use steady breathing to stay relaxed and coordinated.|Hydrate and take breaks as needed.,,,,,,63-croissant.png,,,,,,false,true,true
64-tango,64 Tango,Illustrated 64 Tango position with comfort-first guidance.,"Confirm mutual consent and boundaries before starting.
Choose a stable, comfortable surface and add support cushions if needed.
Align your bodies slowly and adjust angles for comfort and stability.
Pause to check in and stop immediately if there is pain or discomfort.",positions,intermediate,medium,some,positions|64|tango,Encourages communication and teamwork between partners.|Can be adapted with props for comfort and accessibility.,Move slowly at first and adjust posture to avoid joint strain.|Use steady breathing to stay relaxed and coordinated.|Hydrate and take breaks as needed.,,,,,,64-tango.png,,,,,,false,true,true
65-case,65 Case,Illustrated 65 Case position with comfort-first guidance.,"Confirm mutual consent and boundaries before starting.
Choose a stable, comfortable surface and add support cushions if needed.
Align your bodies slowly and adjust angles for comfort and stability.
Pause to check in and stop immediately if there is pain or discomfort.",positions,intermediate,medium,some,positions|65|case,Encourages communication and teamwork between partners.|Can be adapted with props for comfort and accessibility.,Move slowly at first and adjust posture to avoid joint strain.|Use steady breathing to stay relaxed and coordinated.|Hydrate and take breaks as needed.,,,,,,65-case.png,,,,,,false,true,true
66-rose,66 Rose,Illustrated 66 Rose position with comfort-first guidance.,"Confirm mutual consent and boundaries before starting.
Choose a stable, comfortable surface and add support cushions if needed.
Align your bodies slowly and adjust angles for comfort and stability.
Pause to check in and stop immediately if there is pain or discomfort.",positions,intermediate,medium,some,positions|66|rose,Encourages communication and teamwork between partners.|Can be adapted with props for comfort and accessibility.,Move slowly at first and adjust posture to avoid joint strain.|Use steady breathing to stay relaxed and coordinated.|Hydrate and take breaks as needed.,,,,,,66-rose.png,,,,,,false,true,true
67-missionary,67 Missionary,Illustrated 67 Missionary position with comfort-first guidance.,"Confirm mutual consent and boundaries before starting.
Choose a stable, comfortable surface and add support cushions if needed.
Align your bodies slowly and adjust angles for comfort and stability.
Pause to check in and stop immediately if there is pain or discomfort.",positions,intermediate,medium,some,positions|67|missionary,Encourages communication and teamwork between partners.|Can be adapted with props for comfort and accessibility.,Move slowly at first and adjust posture to avoid joint strain.|Use steady breathing to stay relaxed and coordinated.|Hydrate and take breaks as needed.,,,,,,67-missionary.png,,,,,,false,true,true
68-bulldog,68 Bulldog,Illustrated 68 Bulldog position with comfort-first guidance.,"Confirm mutual consent and boundaries before starting.
Choose a stable, comfortable surface and add support cushions if needed.
Align your bodies slowly and adjust angles for comfort and stability.
Pause to check in and stop immediately if there is pain or discomfort.",positions,intermediate,medium,some,positions|68|bulldog,Encourages communication and teamwork between partners.|Can be adapted with props for comfort and accessibility.,Move slowly at first and adjust posture to avoid joint strain.|Use steady breathing to stay relaxed and coordinated.|Hydrate and take breaks as needed.,,,,,,68-bulldog.png,,,,,,false,true,true
69-bud,69 Bud,Illustrated 69 Bud position with comfort-first guidance.,"Confirm mutual consent and boundaries before starting.
Choose a stable, comfortable surface and add support cushions if needed.
Align your bodies slowly and adjust angles for comfort and stability.
Pause to check in and stop immediately if there is pain or discomfort.",positions,intermediate,medium,some,positions|69|bud,Encourages communication and teamwork between partners.|Can be adapted with props for comfort and accessibility.,Move slowly at first and adjust posture to avoid joint strain.|Use steady breathing to stay relaxed and coordinated.|Hydrate and take breaks as needed.,,,,,,69-bud.png,,,,,,false,true,true
7-candle,7 Candle,Illustrated 7 Candle position with comfort-first guidance.,"Confirm mutual consent and boundaries before starting.
Choose a stable, comfortable surface and add support cushions if needed.
Align your bodies slowly and adjust angles for comfort and stability.
Pause to check in and stop immediately if there is pain or discomfort.",positions,intermediate,medium,some,positions|candle,Encourages communication and teamwork between partners.|Can be adapted with props for comfort and accessibility.,Move slowly at first and adjust posture to avoid joint strain.|Use steady breathing to stay relaxed and coordinated.|Hydrate and take breaks as needed.,,,,,,7-candle.png,,,,,,false,true,true
70-mermaid,70 Mermaid,Illustrated 70 Mermaid position with comfort-first guidance.,"Confirm mutual consent and boundaries before starting.
Choose a stable, comfortable surface and add support cushions if needed.
Align your bodies slowly and adjust angles for comfort and stability.
Pause to check in and stop immediately if there is pain or discomfort.",positions,intermediate,medium,some,positions|70|mermaid,Encourages communication and teamwork between partners.|Can be adapted with props for comfort and accessibility.,Move slowly at first and adjust posture to avoid joint strain.|Use steady breathing to stay relaxed and coordinated.|Hydrate and take breaks as needed.,,,,,,70-mermaid.png,,,,,,false,true,true
71-lazy-dog,71 Lazy Dog,Illustrated 71 Lazy Dog position with comfort-first guidance.,"Confirm mutual consent and boundaries before starting.
Choose a stable, comfortable surface and add support cushions if needed.
Align your bodies slowly and adjust angles for comfort and stability.
Pause to check in and stop immediately if there is pain or discomfort.",positions,intermediate,medium,some,positions|71|lazy|dog,Encourages communication and teamwork between partners.|Can be adapted with props for comfort and accessibility.,Move slowly at first and adjust posture to avoid joint strain.|Use steady breathing to stay relaxed and coordinated.|Hydrate and take breaks as needed.,,,,,,71-lazy-dog.png,,,,,,false,true,true
72-workout,72 Workout,Illustrated 72 Workout position with comfort-first guidance.,"Confirm mutual consent and boundaries before starting.
Choose a stable, comfortable surface and add support cushions if needed.
Align your bodies slowly and adjust angles for comfort and stability.
Pause to check in and stop immediately if there is pain or discomfort.",positions,intermediate,medium,some,positions|72|workout,Encourages communication and teamwork between partners.|Can be adapted with props for comfort and accessibility.,Move slowly at first and adjust posture to avoid joint strain.|Use steady breathing to stay relaxed and coordinated.|Hydrate and take breaks as needed.,,,,,,72-workout.png,,,,,,false,true,true
73-yin-yang,73 Yin Yang,Illustrated 73 Yin Yang position with comfort-first guidance.,"Confirm mutual consent and boundaries before starting.
Choose a stable, comfortable surface and add support cushions if needed.
Align your bodies slowly and adjust angles for comfort and stability.
Pause to check in and stop immediately if there is pain or discomfort.",positions,intermediate,medium,some,positions|73|yin|yang,Encourages communication and teamwork between partners.|Can be adapted with props for comfort and accessibility.,Move slowly at first and adjust posture to avoid joint strain.|Use steady breathing to stay relaxed and coordinated.|Hydrate and take breaks as needed.,,,,,,73-yin-yang.png,,,,,,false,true,true
74-shell,74 Shell,Illustrated 74 Shell position with comfort-first guidance.,"Confirm mutual consent and boundaries before starting.
Choose a stable, comfortable surface and add support cushions if needed.
Align your bodies slowly and adjust angles for comfort and stability.
Pause to check in and stop immediately if there is pain or discomfort.",positions,intermediate,medium,some,positions|74|shell,Encourages communication and teamwork between partners.|Can be adapted with props for comfort and accessibility.,Move slowly at first and adjust posture to avoid joint strain.|Use steady breathing to stay relaxed and coordinated.|Hydrate and take breaks as needed.,,,,,,74-shell.png,,,,,,false,true,true
75-symphony,75 Symphony,Illustrated 75 Symphony position with comfort-first guidance.,"Confirm mutual consent and boundaries before starting.
Choose a stable, comfortable surface and add support cushions if needed.
Align your bodies slowly and adjust angles for comfort and stability.
Pause to check in and stop immediately if there is pain or discomfort.",positions,intermediate,medium,some,positions|75|symphony,Encourages communication and teamwork between partners.|Can be adapted with props for comfort and accessibility.,Move slowly at first and adjust posture to avoid joint strain.|Use steady breathing to stay relaxed and coordinated.|Hydrate and take breaks as needed.,,,,,,75-symphony.png,,,,,,false,true,true
76-butterfly,76 Butterfly,Illustrated 76 Butterfly position with comfort-first guidance.,"Confirm mutual consent and boundaries before starting.
Choose a stable, comfortable surface and add support cushions if needed.
Align your bodies slowly and adjust angles for comfort and stability.
Pause to check in and stop immediately if there is pain or discomfort.",positions,intermediate,medium,some,positions|76|butterfly,Encourages communication and teamwork between partners.|Can be adapted with props for comfort and accessibility.,Move slowly at first and adjust posture to avoid joint strain.|Use steady breathing to stay relaxed and coordinated.|Hydrate and take breaks as needed.,,,,,,76-butterfly.png,,,,,,false,true,true
77-crab,77 Crab,Illustrated 77 Crab position with comfort-first guidance.,"Confirm mutual consent and boundaries before starting.
Choose a stable, comfortable surface and add support cushions if needed.
Align your bodies slowly and adjust angles for comfort and stability.
Pause to check in and stop immediately if there is pain or discomfort.",positions,intermediate,medium,some,positions|77|crab,Encourages communication and teamwork between partners.|Can be adapted with props for comfort and accessibility.,Move slowly at first and adjust posture to avoid joint strain.|Use steady breathing to stay relaxed and coordinated.|Hydrate and take breaks as needed.,,,,,,77-crab.png,,,,,,false,true,true
78-cradle,78 Cradle,Illustrated 78 Cradle position with comfort-first guidance.,"Confirm mutual consent and boundaries before starting.
Choose a stable, comfortable surface and add support cushions if needed.
Align your bodies slowly and adjust angles for comfort and stability.
Pause to check in and stop immediately if there is pain or discomfort.",positions,intermediate,medium,some,positions|78|cradle,Encourages communication and teamwork between partners.|Can be adapted with props for comfort and accessibility.,Move slowly at first and adjust posture to avoid joint strain.|Use steady breathing to stay relaxed and coordinated.|Hydrate and take breaks as needed.,,,,,,78-cradle.png,,,,,,false,true,true
79-rodeo,79 Rodeo,Illustrated 79 Rodeo position with comfort-first guidance.,"Confirm mutual consent and boundaries before starting.
Choose a stable, comfortable surface and add support cushions if needed.
Align your bodies slowly and adjust angles for comfort and stability.
Pause to check in and stop immediately if there is pain or discomfort.",positions,intermediate,medium,some,positions|79|rodeo,Encourages communication and teamwork between partners.|Can be adapted with props for comfort and accessibility.,Move slowly at first and adjust posture to avoid joint strain.|Use steady breathing to stay relaxed and coordinated.|Hydrate and take breaks as needed.,,,,,,79-rodeo.png,,,,,,false,true,true
8-boat,8 Boat,Illustrated 8 Boat position with comfort-first guidance.,"Confirm mutual consent and boundaries before starting.
Choose a stable, comfortable surface and add support cushions if needed.
Align your bodies slowly and adjust angles for comfort and stability.
Pause to check in and stop immediately if there is pain or discomfort.",positions,intermediate,medium,some,positions|boat,Encourages communication and teamwork between partners.|Can be adapted with props for comfort and accessibility.,Move slowly at first and adjust posture to avoid joint strain.|Use steady breathing to stay relaxed and coordinated.|Hydrate and take breaks as needed.,,,,,,8-boat.png,,,,,,false,true,true
80-avalanche,80 Avalanche,Illustrated 80 Avalanche position with comfort-first guidance.,"Confirm mutual consent and boundaries before starting.
Choose a stable, comfortable surface and add support cushions if needed.
Align your bodies slowly and adjust angles for comfort and stability.
Pause to check in and stop immediately if there is pain or discomfort.",positions,intermediate,medium,some,positions|80|avalanche,Encourages communication and teamwork between partners.|Can be adapted with props for comfort and accessibility.,Move slowly at first and adjust posture to avoid joint strain.|Use steady breathing to stay relaxed and coordinated.|Hydrate and take breaks as needed.,,,,,,80-avalanche.png,,,,,,false,true,true
81-lock,81 Lock,Illustrated 81 Lock position with comfort-first guidance.,"Confirm mutual consent and boundaries before starting.
Choose a stable, comfortable surface and add support cushions if needed.
Align your bodies slowly and adjust angles for comfort and stability.
Pause to check in and stop immediately if there is pain or discomfort.",positions,intermediate,medium,some,positions|81|lock,Encourages communication and teamwork between partners.|Can be adapted with props for comfort and accessibility.,Move slowly at first and adjust posture to avoid joint strain.|Use steady breathing to stay relaxed and coordinated.|Hydrate and take breaks as needed.,,,,,,81-lock.png,,,,,,false,true,true
82-venus,82 Venus,Illustrated 82 Venus position with comfort-first guidance.,"Confirm mutual consent and boundaries before starting.
Choose a stable, comfortable surface and add support cushions if needed.
Align your bodies slowly and adjust angles for comfort and stability.
Pause to check in and stop immediately if there is pain or discomfort.",positions,intermediate,medium,some,positions|82|venus,Encourages communication and teamwork between partners.|Can be adapted with props for comfort and accessibility.,Move slowly at first and adjust posture to avoid joint strain.|Use steady breathing to stay relaxed and coordinated.|Hydrate and take breaks as needed.,,,,,,82-venus.png,,,,,,false,true,true
83-depth,83 Depth,Illustrated 83 Depth position with comfort-first guidance.,"Confirm mutual consent and boundaries before starting.
Choose a stable, comfortable surface and add support cushions if needed.
Align your bodies slowly and adjust angles for comfort and stability.
Pause to check in and stop immediately if there is pain or discomfort.",positions,intermediate,medium,some,positions|83|depth,Encourages communication and teamwork between partners.|Can be adapted with props for comfort and accessibility.,Move slowly at first and adjust posture to avoid joint strain.|Use steady breathing to stay relaxed and coordinated.|Hydrate and take breaks as needed.,,,,,,83-depth.png,,,,,,false,true,true
84-olympus,84 Olympus,Illustrated 84 Olympus position with comfort-first guidance.,"Confirm mutual consent and boundaries before starting.
Choose a stable, comfortable surface and add support cushions if needed.
Align your bodies slowly and adjust angles for comfort and stability.
Pause to check in and stop immediately if there is pain or discomfort.",positions,intermediate,medium,some,positions|84|olympus,Encourages communication and teamwork between partners.|Can be adapted with props for comfort and accessibility.,Move slowly at first and adjust posture to avoid joint strain.|Use steady breathing to stay relaxed and coordinated.|Hydrate and take breaks as needed.,,,,,,84-olympus.png,,,,,,false,true,true
85-scorpio,85 Scorpio,Illustrated 85 Scorpio position with comfort-first guidance.,"Confirm mutual consent and boundaries before starting.
Choose a stable, comfortable surface and add support cushions if needed.
Align your bodies slowly and adjust angles for comfort and stability.
Pause to check in and stop immediately if there is pain or discomfort.",positions,intermediate,medium,some,positions|85|scorpio,Encourages communication and teamwork between partners.|Can be adapted with props for comfort and accessibility.,Move slowly at first and adjust posture to avoid joint strain.|Use steady breathing to stay relaxed and coordinated.|Hydrate and take breaks as needed.,,,,,,85-scorpio.png,,,,,,false,true,true
86-forbidden-fruit,86 Forbidden Fruit,Illustrated 86 Forbidden Fruit position with comfort-first guidance.,"Confirm mutual consent and boundaries before starting.
Choose a stable, comfortable surface and add support cushions if needed.
Align your bodies slowly and adjust angles for comfort and stability.
Pause to check in and stop immediately if there is pain or discomfort.",positions,intermediate,medium,some,positions|86|forbidden|fruit,Encourages communication and teamwork between partners.|Can be adapted with props for comfort and accessibility.,Move slowly at first and adjust posture to avoid joint strain.|Use steady breathing to stay relaxed and coordinated.|Hydrate and take breaks as needed.,,,,,,86-forbidden-fruit.png,,,,,,false,true,true
87-discharge,87 Discharge,Illustrated 87 Discharge position with comfort-first guidance.,"Confirm mutual consent and boundaries before starting.
Choose a stable, comfortable surface and add support cushions if needed.
Align your bodies slowly and adjust angles for comfort and stability.
Pause to check in and stop immediately if there is pain or discomfort.",positions,intermediate,medium,some,positions|87|discharge,Encourages communication and teamwork between partners.|Can be adapted with props for comfort and accessibility.,Move slowly at first and adjust posture to avoid joint strain.|Use steady breathing to stay relaxed and coordinated.|Hydrate and take breaks as needed.,,,,,,87-discharge.png,,,,,,false,true,true
88-belt,88 Belt,Illustrated 88 Belt position with comfort-first guidance.,"Confirm mutual consent and boundaries before starting.
Choose a stable, comfortable surface and add support cushions if needed.
Align your bodies slowly and adjust angles for comfort and stability.
Pause to check in and stop immediately if there is pain or discomfort.",positions,intermediate,medium,some,positions|88|belt,Encourages communication and teamwork between partners.|Can be adapted with props for comfort and accessibility.,Move slowly at first and adjust posture to avoid joint strain.|Use steady breathing to stay relaxed and coordinated.|Hydrate and take breaks as needed.,,,,,,88-belt.png,,,,,,false,true,true
89-dejavu,89 Dejavu,Illustrated 89 Dejavu position with comfort-first guidance.,"Confirm mutual consent and boundaries before starting.
Choose a stable, comfortable surface and add support cushions if needed.
Align your bodies slowly and adjust angles for comfort and stability.
Pause to check in and stop immediately if there is pain or discomfort.",positions,intermediate,medium,some,positions|89|dejavu,Encourages communication and teamwork between partners.|Can be adapted with props for comfort and accessibility.,Move slowly at first and adjust posture to avoid joint strain.|Use steady breathing to stay relaxed and coordinated.|Hydrate and take breaks as needed.,,,,,,89-dejavu.png,,,,,,false,true,true
9-disco,9 Disco,Illustrated 9 Disco position with comfort-first guidance.,"Confirm mutual consent and boundaries before starting.
Choose a stable, comfortable surface and add support cushions if needed.
Align your bodies slowly and adjust angles for comfort and stability.
Pause to check in and stop immediately if there is pain or discomfort.",positions,intermediate,medium,some,positions|disco,Encourages communication and teamwork between partners.|Can be adapted with props for comfort and accessibility.,Move slowly at first and adjust posture to avoid joint strain.|Use steady breathing to stay relaxed and coordinated.|Hydrate and take breaks as needed.,,,,,,9-disco.png,,,,,,false,true,true
90-bench,90 Bench,Illustrated 90 Bench position with comfort-first guidance.,"Confirm mutual consent and boundaries before starting.
Choose a stable, comfortable surface and add support cushions if needed.
Align your bodies slowly and adjust angles for comfort and stability.
Pause to check in and stop immediately if there is pain or discomfort.",positions,intermediate,medium,some,positions|90|bench,Encourages communication and teamwork between partners.|Can be adapted with props for comfort and accessibility.,Move slowly at first and adjust posture to avoid joint strain.|Use steady breathing to stay relaxed and coordinated.|Hydrate and take breaks as needed.,,,,,,90-bench.png,,,,,,false,true,true
91-iris,91 Iris,Illustrated 91 Iris position with comfort-first guidance.,"Confirm mutual consent and boundaries before starting.
Choose a stable, comfortable surface and add support cushions if needed.
Align your bodies slowly and adjust angles for comfort and stability.
Pause to check in and stop immediately if there is pain or discomfort.",positions,intermediate,medium,some,positions|91|iris,Encourages communication and teamwork between partners.|Can be adapted with props for comfort and accessibility.,Move slowly at first and adjust posture to avoid joint strain.|Use steady breathing to stay relaxed and coordinated.|Hydrate and take breaks as needed.,,,,,,91-iris.png,,,,,,false,true,true
92-screwdriver,92 Screwdriver,Illustrated 92 Screwdriver position with comfort-first guidance.,"Confirm mutual consent and boundaries before starting.
Choose a stable, comfortable surface and add support cushions if needed.
Align your bodies slowly and adjust angles for comfort and stability.
Pause to check in and stop immediately if there is pain or discomfort.",positions,intermediate,medium,some,positions|92|screwdriver,Encourages communication and teamwork between partners.|Can be adapted with props for comfort and accessibility.,Move slowly at first and adjust posture to avoid joint strain.|Use steady breathing to stay relaxed and coordinated.|Hydrate and take breaks as needed.,,,,,,92-screwdriver.png,,,,,,false,true,true
93-diamond,93 Diamond,Illustrated 93 Diamond position with comfort-first guidance.,"Confirm mutual consent and boundaries before starting.
Choose a stable, comfortable surface and add support cushions if needed.
Align your bodies slowly and adjust angles for comfort and stability.
Pause to check in and stop immediately if there is pain or discomfort.",positions,intermediate,medium,some,positions|93|diamond,Encourages communication and teamwork between partners.|Can be adapted with props for comfort and accessibility.,Move slowly at first and adjust posture to avoid joint strain.|Use steady breathing to stay relaxed and coordinated.|Hydrate and take breaks as needed.,,,,,,93-diamond.png,,,,,,false,true,true
94-narcissus,94 Narcissus,Illustrated 94 Narcissus position with comfort-first guidance.,"Confirm mutual consent and boundaries before starting.
Choose a stable, comfortable surface and add support cushions if needed.
Align your bodies slowly and adjust angles for comfort and stability.
Pause to check in and stop immediately if there is pain or discomfort.",positions,intermediate,medium,some,positions|94|narcissus,Encourages communication and teamwork between partners.|Can be adapted with props for comfort and accessibility.,Move slowly at first and adjust posture to avoid joint strain.|Use steady breathing to stay relaxed and coordinated.|Hydrate and take breaks as needed.,,,,,,94-narcissus.png,,,,,,false,true,true
95-flatiron,95 Flatiron,Illustrated 95 Flatiron position with comfort-first guidance.,"Confirm mutual consent and boundaries before starting.
Choose a stable, comfortable surface and add support cushions if needed.
Align your bodies slowly and adjust angles for comfort and stability.
Pause to check in and stop immediately if there is pain or discomfort.",positions,intermediate,medium,some,positions|95|flatiron,Encourages communication and teamwork between partners.|Can be adapted with props for comfort and accessibility.,Move slowly at first and adjust posture to avoid joint strain.|Use steady breathing to stay relaxed and coordinated.|Hydrate and take breaks as needed.,,,,,,95-flatiron.png,,,,,,false,true,true
96-seesaw,96 Seesaw,Illustrated 96 Seesaw position with comfort-first guidance.,"Confirm mutual consent and boundaries before starting.
Choose a stable, comfortable surface and add support cushions if needed.
Align your bodies slowly and adjust angles for comfort and stability.
Pause to check in and stop immediately if there is pain or discomfort.",positions,intermediate,medium,some,positions|96|seesaw,Encourages communication and teamwork between partners.|Can be adapted with props for comfort and accessibility.,Move slowly at first and adjust posture to avoid joint strain.|Use steady breathing to stay relaxed and coordinated.|Hydrate and take breaks as needed.,,,,,,96-seesaw.png,,,,,,false,true,true
97-shining,97 Shining,Illustrated 97 Shining position with comfort-first guidance.,"Confirm mutual consent and boundaries before starting.
Choose a stable, comfortable surface and add support cushions if needed.
Align your bodies slowly and adjust angles for comfort and stability.
Pause to check in and stop immediately if there is pain or discomfort.",positions,intermediate,medium,some,positions|97|shining,Encourages communication and teamwork between partners.|Can be adapted with props for comfort and accessibility.,Move slowly at first and adjust posture to avoid joint strain.|Use steady breathing to stay relaxed and coordinated.|Hydrate and take breaks as needed.,,,,,,97-shining.png,,,,,,false,true,true
98-snail,98 Snail,Illustrated 98 Snail position with comfort-first guidance.,"Confirm mutual consent and boundaries before starting.
Choose a stable, comfortable surface and add support cushions if needed.
Align your bodies slowly and adjust angles for comfort and stability.
Pause to check in and stop immediately if there is pain or discomfort.",positions,intermediate,medium,some,positions|98|snail,Encourages communication and teamwork between partners.|Can be adapted with props for comfort and accessibility.,Move slowly at first and adjust posture to avoid joint strain.|Use steady breathing to stay relaxed and coordinated.|Hydrate and take breaks as needed.,,,,,,98-snail.png,,,,,,false,true,true
99-blade,99 Blade,Illustrated 99 Blade position with comfort-first guidance.,"Confirm mutual consent and boundaries before starting.
Choose a stable, comfortable surface and add support cushions if needed.
Align your bodies slowly and adjust angles for comfort and stability.
Pause to check in and stop immediately if there is pain or discomfort.",positions,intermediate,medium,some,positions|99|blade,Encourages communication and teamwork between partners.|Can be adapted with props for comfort and accessibility.,Move slowly at first and adjust posture to avoid joint strain.|Use steady breathing to stay relaxed and coordinated.|Hydrate and take breaks as needed.,,,,,,99-blade.png,,,,,,false,true,true
public-images-background,Background,Illustrated Background position with comfort-first guidance.,"Confirm mutual consent and boundaries before starting.
Choose a stable, comfortable surface and add support cushions if needed.
Align your bodies slowly and adjust angles for comfort and stability.
Pause to check in and stop immediately if there is pain or discomfort.",images,intermediate,medium,some,images|background,Encourages communication and teamwork between partners.|Can be adapted with props for comfort and accessibility.,Move slowly at first and adjust posture to avoid joint strain.|Use steady breathing to stay relaxed and coordinated.|Hydrate and take breaks as needed.,,,,,,background.png,,,,,,false,true,true
public-images-favicon,Favicon,Illustrated Favicon position with comfort-first guidance.,"Confirm mutual consent and boundaries before starting.
Choose a stable, comfortable surface and add support cushions if needed.
Align your bodies slowly and adjust angles for comfort and stability.
Pause to check in and stop immediately if there is pain or discomfort.",images,intermediate,medium,some,images|favicon,Encourages communication and teamwork between partners.|Can be adapted with props for comfort and accessibility.,Move slowly at first and adjust posture to avoid joint strain.|Use steady breathing to stay relaxed and coordinated.|Hydrate and take breaks as needed.,,,,,,favicon.png,,,,,,false,true,true
public-images-icons-icon-128x128,Icon 128x128,Illustrated Icon 128x128 position with comfort-first guidance.,"Confirm mutual consent and boundaries before starting.
Choose a stable, comfortable surface and add support cushions if needed.
Align your bodies slowly and adjust angles for comfort and stability.
Pause to check in and stop immediately if there is pain or discomfort.",icons,intermediate,medium,some,icons|icon|128x128,Encourages communication and teamwork between partners.|Can be adapted with props for comfort and accessibility.,Move slowly at first and adjust posture to avoid joint strain.|Use steady breathing to stay relaxed and coordinated.|Hydrate and take breaks as needed.,,,,,,icon-128x128.png,,,,,,false,true,true
public-images-icons-icon-144x144,Icon 144x144,Illustrated Icon 144x144 position with comfort-first guidance.,"Confirm mutual consent and boundaries before starting.
Choose a stable, comfortable surface and add support cushions if needed.
Align your bodies slowly and adjust angles for comfort and stability.
Pause to check in and stop immediately if there is pain or discomfort.",icons,intermediate,medium,some,icons|icon|144x144,Encourages communication and teamwork between partners.|Can be adapted with props for comfort and accessibility.,Move slowly at first and adjust posture to avoid joint strain.|Use steady breathing to stay relaxed and coordinated.|Hydrate and take breaks as needed.,,,,,,icon-144x144.png,,,,,,false,true,true
public-images-icons-icon-152x152,Icon 152x152,Illustrated Icon 152x152 position with comfort-first guidance.,"Confirm mutual consent and boundaries before starting.
Choose a stable, comfortable surface and add support cushions if needed.
Align your bodies slowly and adjust angles for comfort and stability.
Pause to check in and stop immediately if there is pain or discomfort.",icons,intermediate,medium,some,icons|icon|152x152,Encourages communication and teamwork between partners.|Can be adapted with props for comfort and accessibility.,Move slowly at first and adjust posture to avoid joint strain.|Use steady breathing to stay relaxed and coordinated.|Hydrate and take breaks as needed.,,,,,,icon-152x152.png,,,,,,false,true,true
public-images-icons-icon-192x192,Icon 192x192,Illustrated Icon 192x192 position with comfort-first guidance.,"Confirm mutual consent and boundaries before starting.
Choose a stable, comfortable surface and add support cushions if needed.
Align your bodies slowly and adjust angles for comfort and stability.
Pause to check in and stop immediately if there is pain or discomfort.",icons,intermediate,medium,some,icons|icon|192x192,Encourages communication and teamwork between partners.|Can be adapted with props for comfort and accessibility.,Move slowly at first and adjust posture to avoid joint strain.|Use steady breathing to stay relaxed and coordinated.|Hydrate and take breaks as needed.,,,,,,icon-192x192.png,,,,,,false,true,true
public-images-icons-icon-512x512,Icon 512x512,Illustrated Icon 512x512 position with comfort-first guidance.,"Confirm mutual consent and boundaries before starting.
Choose a stable, comfortable surface and add support cushions if needed.
Align your bodies slowly and adjust angles for comfort and stability.
Pause to check in and stop immediately if there is pain or discomfort.",icons,intermediate,medium,some,icons|icon|512x512,Encourages communication and teamwork between partners.|Can be adapted with props for comfort and accessibility.,Move slowly at first and adjust posture to avoid joint strain.|Use steady breathing to stay relaxed and coordinated.|Hydrate and take breaks as needed.,,,,,,icon-512x512.png,,,,,,false,true,true
public-images-icons-icon-72x72,Icon 72x72,Illustrated Icon 72x72 position with comfort-first guidance.,"Confirm mutual consent and boundaries before starting.
Choose a stable, comfortable surface and add support cushions if needed.
Align your bodies slowly and adjust angles for comfort and stability.
Pause to check in and stop immediately if there is pain or discomfort.",icons,intermediate,medium,some,icons|icon|72x72,Encourages communication and teamwork between partners.|Can be adapted with props for comfort and accessibility.,Move slowly at first and adjust posture to avoid joint strain.|Use steady breathing to stay relaxed and coordinated.|Hydrate and take breaks as needed.,,,,,,icon-72x72.png,,,,,,false,true,true
public-images-icons-icon-96x96,Icon 96x96,Illustrated Icon 96x96 position with comfort-first guidance.,"Confirm mutual consent and boundaries before starting.
Choose a stable, comfortable surface and add support cushions if needed.
Align your bodies slowly and adjust angles for comfort and stability.
Pause to check in and stop immediately if there is pain or discomfort.",icons,intermediate,medium,some,icons|icon|96x96,Encourages communication and teamwork between partners.|Can be adapted with props for comfort and accessibility.,Move slowly at first and adjust posture to avoid joint strain.|Use steady breathing to stay relaxed and coordinated.|Hydrate and take breaks as needed.,,,,,,icon-96x96.png,,,,,,false,true,true
public-images-logo,Logo,Illustrated Logo position with comfort-first guidance.,"Confirm mutual consent and boundaries before starting.
Choose a stable, comfortable surface and add support cushions if needed.
Align your bodies slowly and adjust angles for comfort and stability.
Pause to check in and stop immediately if there is pain or discomfort.",images,intermediate,medium,some,images|logo,Encourages communication and teamwork between partners.|Can be adapted with props for comfort and accessibility.,Move slowly at first and adjust posture to avoid joint strain.|Use steady breathing to stay relaxed and coordinated.|Hydrate and take breaks as needed.,,,,,,logo.png,,,,,,false,true,true
public-images-screenshot-01,Screenshot 01,Illustrated Screenshot 01 position with comfort-first guidance.,"Confirm mutual consent and boundaries before starting.
Choose a stable, comfortable surface and add support cushions if needed.
Align your bodies slowly and adjust angles for comfort and stability.
Pause to check in and stop immediately if there is pain or discomfort.",images,intermediate,medium,some,images|screenshot|01,Encourages communication and teamwork between partners.|Can be adapted with props for comfort and accessibility.,Move slowly at first and adjust posture to avoid joint strain.|Use steady breathing to stay relaxed and coordinated.|Hydrate and take breaks as needed.,,,,,,screenshot-01.png,,,,,,false,true,true
public-images-screenshot-02,Screenshot 02,Illustrated Screenshot 02 position with comfort-first guidance.,"Confirm mutual consent and boundaries before starting.
Choose a stable, comfortable surface and add support cushions if needed.
Align your bodies slowly and adjust angles for comfort and stability.
Pause to check in and stop immediately if there is pain or discomfort.",images,intermediate,medium,some,images|screenshot|02,Encourages communication and teamwork between partners.|Can be adapted with props for comfort and accessibility.,Move slowly at first and adjust posture to avoid joint strain.|Use steady breathing to stay relaxed and coordinated.|Hydrate and take breaks as needed.,,,,,,screenshot-02.jpg,,,,,,false,true,true